[
{
  "model": "auth.user",
  "pk": 1,
  "fields": {
    "password": "pbkdf2_sha256$260000$13FKdILRjsgoHJOYeqewXe$Zzg7yfHlBDOaJNx9hHMdK0kJlhWDs29ckiodzeR3zKI=",
    "last_login": "2022-01-18T09:28:55.172Z",
    "is_superuser": true,
    "username": "admin",
    "first_name": "",
    "last_name": "",
    "email": "x896321475@gmail.com",
    "is_staff": true,
    "is_active": true,
    "date_joined": "2019-08-27T08:52:00Z",
    "groups": [],
    "user_permissions": []
  }
},
{
  "model": "auth.user",
  "pk": 2,
  "fields": {
    "password": "pbkdf2_sha256$120000$j9oH3FPhKf89$jo6ij+4U+zKBY37a7pFfqji8UKkGyZHWuF2bpSWeMHo=",
    "last_login": "2021-05-26T14:52:00.691Z",
    "is_superuser": false,
    "username": "test",
    "first_name": "",
    "last_name": "",
    "email": "",
    "is_staff": true,
    "is_active": true,
    "date_joined": "2020-03-25T06:37:00Z",
    "groups": [],
    "user_permissions": [
      [
        "view_logentry",
        "admin",
        "logentry"
      ],
      [
        "add_tag",
        "app",
        "tag"
      ],
      [
        "change_tag",
        "app",
        "tag"
      ],
      [
        "view_tag",
        "app",
        "tag"
      ],
      [
        "view_user",
        "auth",
        "user"
      ]
    ]
  }
},
{
  "model": "app.tag",
  "pk": 1,
  "fields": {
    "name": "Family"
  }
},
{
  "model": "app.tag",
  "pk": 3,
  "fields": {
    "name": "Food"
  }
},
{
  "model": "app.tag",
  "pk": 4,
  "fields": {
    "name": "Fun"
  }
},
{
  "model": "app.tag",
  "pk": 5,
  "fields": {
    "name": "Dance"
  }
},
{
  "model": "app.tag",
  "pk": 7,
  "fields": {
    "name": "Red"
  }
},
{
  "model": "app.tag",
  "pk": 8,
  "fields": {
    "name": "Blue"
  }
},
{
  "model": "app.tag",
  "pk": 9,
  "fields": {
    "name": "Green"
  }
},
{
  "model": "app.tag",
  "pk": 10,
  "fields": {
    "name": "Yellow"
  }
},
{
  "model": "app.tag",
  "pk": 11,
  "fields": {
    "name": "Fish"
  }
},
{
  "model": "app.tag",
  "pk": 12,
  "fields": {
    "name": "Bear"
  }
},
{
  "model": "app.tag",
  "pk": 13,
  "fields": {
    "name": "Panda"
  }
},
{
  "model": "app.tag",
  "pk": 14,
  "fields": {
    "name": "Human"
  }
},
{
  "model": "app.tag",
  "pk": 16,
  "fields": {
    "name": "Purple"
  }
},
{
  "model": "app.tag",
  "pk": 17,
  "fields": {
    "name": "AC/DC"
  }
},
{
  "model": "app.tag",
  "pk": 18,
  "fields": {
    "name": "Scorpions"
  }
},
{
  "model": "app.tag",
  "pk": 19,
  "fields": {
    "name": "ABBA"
  }
},
{
  "model": "app.tag",
  "pk": 20,
  "fields": {
    "name": "Beatles"
  }
},
{
  "model": "app.tag",
  "pk": 21,
  "fields": {
    "name": "Judas Priest"
  }
},
{
  "model": "app.tag",
  "pk": 22,
  "fields": {
    "name": "Metallica"
  }
},
{
  "model": "app.tag",
  "pk": 23,
  "fields": {
    "name": "Linkin Park"
  }
},
{
  "model": "app.tag",
  "pk": 24,
  "fields": {
    "name": "Eminem"
  }
},
{
  "model": "app.tag",
  "pk": 25,
  "fields": {
    "name": "Nirvana"
  }
},
{
  "model": "app.tag",
  "pk": 26,
  "fields": {
    "name": "Hotel"
  }
},
{
  "model": "app.tag",
  "pk": 27,
  "fields": {
    "name": "Village"
  }
},
{
  "model": "app.tag",
  "pk": 28,
  "fields": {
    "name": "New York"
  }
},
{
  "model": "app.tag",
  "pk": 29,
  "fields": {
    "name": "California"
  }
},
{
  "model": "app.tag",
  "pk": 30,
  "fields": {
    "name": "War"
  }
},
{
  "model": "app.tag",
  "pk": 31,
  "fields": {
    "name": "Town"
  }
},
{
  "model": "app.tag",
  "pk": 32,
  "fields": {
    "name": "Velvet"
  }
},
{
  "model": "app.category",
  "pk": 1,
  "fields": {
    "f_fk": 5,
    "f_o2o": null,
    "f_fk1": 4,
    "f_fk2": 1,
    "f_fk3": 4,
    "f_bool": true,
    "f_bool2": true,
    "f_small_int": 9,
    "f_int_choices": 1,
    "f_int_choices2": 1,
    "f_int": 0,
    "f_bigint": 0,
    "f_float": 0.0,
    "f_decimal": "0.00",
    "f_duration": null,
    "f_date": "2021-04-21",
    "f_date2": "2021-01-01",
    "f_time": "11:50:00",
    "f_datetime": "2021-05-21T11:50:00Z",
    "f_hidden1": "",
    "f_hidden2": "",
    "f_hidden3": "",
    "f_char": "MongoDB",
    "f_slug": "mongodb-0",
    "f_email": "",
    "f_pass": "",
    "f_ip": null,
    "f_text": "",
    "f_url": "",
    "f_uuid": null,
    "f_filepath": "",
    "f_file": "",
    "f_image": "",
    "f_char_ro": "",
    "f_int_ro": 0,
    "f_text_ro": "",
    "dal_fk": 9,
    "f_tags": [
      3
    ],
    "f_tags1": [],
    "f_tags2": [
      1,
      3
    ],
    "f_tags3": [
      3,
      4
    ],
    "f_tags4": [
      5,
      3
    ],
    "f_tags5": [
      3
    ],
    "dal_m2m": [
      3,
      9
    ]
  }
},
{
  "model": "app.category",
  "pk": 2,
  "fields": {
    "f_fk": 1,
    "f_o2o": null,
    "f_fk1": null,
    "f_fk2": null,
    "f_fk3": null,
    "f_bool": false,
    "f_bool2": true,
    "f_small_int": 0,
    "f_int_choices": 1,
    "f_int_choices2": 4,
    "f_int": 0,
    "f_bigint": 0,
    "f_float": 0.0,
    "f_decimal": "0.00",
    "f_duration": null,
    "f_date": "2021-05-21",
    "f_date2": "2021-01-01",
    "f_time": "11:51:00",
    "f_datetime": "2021-05-21T11:51:00Z",
    "f_hidden1": "",
    "f_hidden2": "",
    "f_hidden3": "",
    "f_char": "Excel",
    "f_slug": "excel-0",
    "f_email": "",
    "f_pass": "",
    "f_ip": null,
    "f_text": "",
    "f_url": "",
    "f_uuid": null,
    "f_filepath": "",
    "f_file": "",
    "f_image": "",
    "f_char_ro": "",
    "f_int_ro": 0,
    "f_text_ro": "",
    "dal_fk": null,
    "f_tags": [
      3
    ],
    "f_tags1": [],
    "f_tags2": [
      4
    ],
    "f_tags3": [
      3,
      4
    ],
    "f_tags4": [
      3
    ],
    "f_tags5": [
      5,
      4
    ],
    "dal_m2m": [
      29,
      25
    ]
  }
},
{
  "model": "app.category",
  "pk": 3,
  "fields": {
    "f_fk": 12,
    "f_o2o": 1,
    "f_fk1": 9,
    "f_fk2": 5,
    "f_fk3": 3,
    "f_bool": false,
    "f_bool2": true,
    "f_small_int": 1237,
    "f_int_choices": 3,
    "f_int_choices2": 4,
    "f_int": 3897,
    "f_bigint": 124564564,
    "f_float": 14.5,
    "f_decimal": "5.50",
    "f_duration": "00:03:20",
    "f_date": "2020-09-15",
    "f_date2": "2022-03-18",
    "f_time": "10:10:00",
    "f_datetime": "2020-09-09T15:30:00Z",
    "f_hidden1": "",
    "f_hidden2": "",
    "f_hidden3": "",
    "f_char": "Redis",
    "f_slug": "redis-0",
    "f_email": "mail@box.com",
    "f_pass": "",
    "f_ip": "127.0.0.1",
    "f_text": "At vero eos et accusam et justo duo dolores et ea rebum. Stet clita kasd gubergren, no sea takimata sanctus est Lorem ipsum dolor sit amet. Lorem ipsum dolor sit amet, consetetur sadipscing elitr, sed diam nonumy eirmod tempor invidunt ut labore et dolore magna aliquyam erat, sed diam voluptua. At vero eos et accusam et justo duo dolores et ea rebum. Stet clita kasd gubergren, no sea takimata sanctus est Lorem ipsum dolor sit amet. Lorem ipsum dolor sit amet, consetetur sadipscing elitr",
    "f_url": "https://www.uuidgenerator.net/",
    "f_uuid": "bbe94b62-9e84-4667-829c-80d5cc6fcfba",
    "f_filepath": "/home/jon/Python/www/paper-admin/tests/app/admin.py",
    "f_file": "category/submit_VTI1oAi.py",
    "f_image": "category/700x487.jpg",
    "f_char_ro": "",
    "f_int_ro": 0,
    "f_text_ro": "Readonly content",
    "dal_fk": 31,
    "f_tags": [
      8,
      1,
      7
    ],
    "f_tags1": [
      8,
      5,
      9,
      7
    ],
    "f_tags2": [
      8,
      5,
      24
    ],
    "f_tags3": [
      1,
      3
    ],
    "f_tags4": [
      1,
      4,
      7
    ],
    "f_tags5": [
      5,
      4
    ],
    "dal_m2m": [
      5,
      4
    ]
  }
},
{
  "model": "app.category",
  "pk": 4,
  "fields": {
    "f_fk": 5,
    "f_o2o": null,
    "f_fk1": null,
    "f_fk2": null,
    "f_fk3": null,
    "f_bool": true,
    "f_bool2": true,
    "f_small_int": 0,
    "f_int_choices": 1,
    "f_int_choices2": 2,
    "f_int": 0,
    "f_bigint": 0,
    "f_float": 0.0,
    "f_decimal": "0.00",
    "f_duration": null,
    "f_date": "2021-05-22",
    "f_date2": "2021-01-01",
    "f_time": "11:49:00",
    "f_datetime": "2021-05-21T11:49:00Z",
    "f_hidden1": "",
    "f_hidden2": "",
    "f_hidden3": "",
    "f_char": "PostgreSQL",
    "f_slug": "valve-0",
    "f_email": "",
    "f_pass": "",
    "f_ip": null,
    "f_text": "",
    "f_url": "",
    "f_uuid": null,
    "f_filepath": "",
    "f_file": "",
    "f_image": "",
    "f_char_ro": "",
    "f_int_ro": 0,
    "f_text_ro": "",
    "dal_fk": null,
    "f_tags": [
      1
    ],
    "f_tags1": [],
    "f_tags2": [
      9
    ],
    "f_tags3": [
      1
    ],
    "f_tags4": [
      7
    ],
    "f_tags5": [
      4
    ],
    "dal_m2m": [
      20
    ]
  }
},
{
  "model": "app.category",
  "pk": 5,
  "fields": {
    "f_fk": 32,
    "f_o2o": 12,
    "f_fk1": 20,
    "f_fk2": null,
    "f_fk3": 29,
    "f_bool": false,
    "f_bool2": true,
    "f_small_int": 0,
    "f_int_choices": 1,
    "f_int_choices2": 3,
    "f_int": 0,
    "f_bigint": 0,
    "f_float": 0.0,
    "f_decimal": "0.00",
    "f_duration": null,
    "f_date": "2021-07-07",
    "f_date2": "2021-01-01",
    "f_time": "11:53:00",
    "f_datetime": "2021-07-07T11:53:00Z",
    "f_hidden1": "",
    "f_hidden2": "",
    "f_hidden3": "",
    "f_char": "MySQL",
    "f_slug": "mysql-0",
    "f_email": "",
    "f_pass": "",
    "f_ip": null,
    "f_text": "",
    "f_url": "",
    "f_uuid": null,
    "f_filepath": "",
    "f_file": "",
    "f_image": "",
    "f_char_ro": "",
    "f_int_ro": 0,
    "f_text_ro": "",
    "dal_fk": null,
    "f_tags": [
      31,
      10
    ],
    "f_tags1": [
      5,
      9
    ],
    "f_tags2": [
      26
    ],
    "f_tags3": [
      29,
      9
    ],
    "f_tags4": [
      12,
      23
    ],
    "f_tags5": [
      21
    ],
    "dal_m2m": [
      8
    ]
  }
},
{
  "model": "app.item",
  "pk": 1,
  "fields": {
    "category": 1,
    "hidden": 1,
    "readonly": "Do not edit me",
    "name": "Billy",
    "age": 18,
    "slug": "billy",
    "url": "",
    "text": "",
    "visible": true,
    "created_at": null
  }
},
{
  "model": "app.item",
  "pk": 2,
  "fields": {
    "category": 1,
    "hidden": 1,
    "readonly": "Do not edit me",
    "name": "Jonny",
    "age": 18,
    "slug": "jonny",
    "url": "",
    "text": "",
    "visible": true,
    "created_at": null
  }
},
{
  "model": "app.item",
  "pk": 3,
  "fields": {
    "category": 2,
    "hidden": 1,
    "readonly": "Do not edit me",
    "name": "one",
    "age": 18,
    "slug": "one",
    "url": "",
    "text": "",
    "visible": true,
    "created_at": null
  }
},
{
  "model": "app.item",
  "pk": 4,
  "fields": {
    "category": 3,
    "hidden": 1,
    "readonly": "Do not edit me",
    "name": "Sunny",
    "age": 18,
    "slug": "sunny",
    "url": "",
    "text": "",
    "visible": true,
    "created_at": null
  }
},
{
  "model": "app.item",
  "pk": 5,
  "fields": {
    "category": 4,
    "hidden": 1,
    "readonly": "Do not edit me",
    "name": "One",
    "age": 18,
    "slug": "one",
    "url": "",
    "text": "",
    "visible": true,
    "created_at": null
  }
},
{
  "model": "app.item",
  "pk": 9,
  "fields": {
    "category": 3,
    "hidden": 1,
    "readonly": "Do not edit me",
    "name": "Funny",
    "age": 18,
    "slug": "error",
    "url": "",
    "text": "",
    "visible": true,
    "created_at": null
  }
},
{
  "model": "app.item",
  "pk": 10,
  "fields": {
    "category": 3,
    "hidden": 1,
    "readonly": "Do not edit me",
    "name": "Banny",
    "age": 18,
    "slug": "banny",
    "url": "",
    "text": "",
    "visible": true,
    "created_at": null
  }
},
{
  "model": "app.item",
  "pk": 11,
  "fields": {
    "category": 5,
    "hidden": 1,
    "readonly": "Do not edit me",
    "name": "Propeller",
    "age": 18,
    "slug": "propeller-18",
    "url": "",
    "text": "",
    "visible": true,
    "created_at": null
  }
},
{
  "model": "app.sigletonexample",
  "pk": 1,
  "fields": {
    "title": "Test"
  }
},
{
  "model": "app.mptttree",
  "pk": 1,
  "fields": {
    "parent": null,
    "name": "Adam",
    "lft": 1,
    "rght": 2,
    "tree_id": 2,
    "level": 0
  }
},
{
  "model": "app.mptttree",
  "pk": 2,
  "fields": {
    "parent": null,
    "name": "Eve",
    "lft": 1,
    "rght": 8,
    "tree_id": 1,
    "level": 0
  }
},
{
  "model": "app.mptttree",
  "pk": 3,
  "fields": {
    "parent": 2,
    "name": "Isaak",
    "lft": 2,
    "rght": 5,
    "tree_id": 1,
    "level": 1
  }
},
{
  "model": "app.mptttree",
  "pk": 4,
  "fields": {
    "parent": 3,
    "name": "Yakov",
    "lft": 3,
    "rght": 4,
    "tree_id": 1,
    "level": 2
  }
},
{
  "model": "app.mptttree",
  "pk": 5,
  "fields": {
    "parent": 2,
    "name": "Ilia",
    "lft": 6,
    "rght": 7,
    "tree_id": 1,
    "level": 1
  }
},
{
  "model": "app.djangotreequeriesnode",
  "pk": 1,
  "fields": {
    "parent": null,
    "name": "Eve"
  }
},
{
  "model": "app.djangotreequeriesnode",
  "pk": 2,
  "fields": {
    "parent": 1,
    "name": "Isaak"
  }
},
{
  "model": "app.djangotreequeriesnode",
  "pk": 3,
  "fields": {
    "parent": 2,
    "name": "Yakov"
  }
},
{
  "model": "app.djangotreequeriesnode",
  "pk": 4,
  "fields": {
    "parent": 1,
    "name": "Ilia"
  }
},
{
  "model": "app.djangotreequeriesnode",
  "pk": 5,
  "fields": {
    "parent": null,
    "name": "Adam"
  }
},
{
  "model": "sortables.company",
  "pk": 1,
  "fields": {
    "title": "Microsoft",
    "order": 3
  }
},
{
  "model": "sortables.company",
  "pk": 2,
  "fields": {
    "title": "Apple",
    "order": 2
  }
},
{
  "model": "sortables.company",
  "pk": 3,
  "fields": {
    "title": "Samsung",
    "order": 1
  }
},
{
  "model": "sortables.company",
  "pk": 4,
  "fields": {
    "title": "Sony",
    "order": 0
  }
},
{
  "model": "sortables.person",
  "pk": 1,
  "fields": {
    "first_name": "Satya",
    "last_name": "Nadella"
  }
},
{
  "model": "sortables.person",
  "pk": 2,
  "fields": {
    "first_name": "Judson",
    "last_name": "Althoff"
  }
},
{
  "model": "sortables.person",
  "pk": 3,
  "fields": {
    "first_name": "Amy",
    "last_name": "Hood"
  }
},
{
  "model": "sortables.person",
  "pk": 4,
  "fields": {
    "first_name": "Tim",
    "last_name": "Cook"
  }
},
{
  "model": "sortables.person",
  "pk": 5,
  "fields": {
    "first_name": "Katherine",
    "last_name": "Adams"
  }
},
{
  "model": "sortables.person",
  "pk": 6,
  "fields": {
    "first_name": "Eddy",
    "last_name": "Cue"
  }
},
{
  "model": "sortables.person",
  "pk": 7,
  "fields": {
    "first_name": "Craig",
    "last_name": "Federighi"
  }
},
{
  "model": "sortables.person",
  "pk": 8,
  "fields": {
    "first_name": "David",
    "last_name": "Goldschmidt"
  }
},
{
  "model": "sortables.person",
  "pk": 9,
  "fields": {
    "first_name": "James",
    "last_name": "Oh"
  }
},
{
  "model": "sortables.person",
  "pk": 10,
  "fields": {
    "first_name": "Sean",
    "last_name": "Kae"
  }
},
{
  "model": "sortables.person",
  "pk": 11,
  "fields": {
    "first_name": "Kenichiro",
    "last_name": "Yoshida"
  }
},
{
  "model": "sortables.person",
  "pk": 12,
  "fields": {
    "first_name": "Shuzo",
    "last_name": "Sumi"
  }
},
{
  "model": "sortables.person",
  "pk": 13,
  "fields": {
    "first_name": "Kazuo",
    "last_name": "Matsunaga"
  }
},
{
  "model": "sortables.staff",
  "pk": 1,
  "fields": {
    "company": 1,
    "person": 1,
    "position": "Chief Executive Officer",
    "order": 0
  }
},
{
  "model": "sortables.staff",
  "pk": 2,
  "fields": {
    "company": 1,
    "person": 2,
    "position": "Executive Vice President, Worldwide Commercial Business",
    "order": 0
  }
},
{
  "model": "sortables.staff",
  "pk": 3,
  "fields": {
    "company": 1,
    "person": 3,
    "position": "Executive Vice President and Chief Financial Officer",
    "order": 0
  }
},
{
  "model": "sortables.staff",
  "pk": 4,
  "fields": {
    "company": 2,
    "person": 4,
    "position": "CEO",
    "order": 0
  }
},
{
  "model": "sortables.staff",
  "pk": 5,
  "fields": {
    "company": 2,
    "person": 5,
    "position": "Senior Vice President and General Counsel",
    "order": 0
  }
},
{
  "model": "sortables.staff",
  "pk": 6,
  "fields": {
    "company": 2,
    "person": 6,
    "position": "Senior Vice President Internet Software and Services",
    "order": 0
  }
},
{
  "model": "sortables.staff",
  "pk": 7,
  "fields": {
    "company": 2,
    "person": 7,
    "position": "Senior Vice President Software Engineering",
    "order": 0
  }
},
{
  "model": "sortables.staff",
  "pk": 8,
  "fields": {
    "company": 3,
    "person": 8,
    "position": "Vice President",
    "order": 0
  }
},
{
  "model": "sortables.staff",
  "pk": 9,
  "fields": {
    "company": 3,
    "person": 9,
    "position": "Senior Vice President",
    "order": 0
  }
},
{
  "model": "sortables.staff",
  "pk": 10,
  "fields": {
    "company": 3,
    "person": 10,
    "position": "Acting Head",
    "order": 0
  }
},
{
  "model": "sortables.staff",
  "pk": 11,
  "fields": {
    "company": 4,
    "person": 11,
    "position": "Member of Nominating Committee",
    "order": 0
  }
},
{
  "model": "sortables.staff",
  "pk": 12,
  "fields": {
    "company": 4,
    "person": 12,
    "position": "Chairman of the Board",
    "order": 0
  }
},
{
  "model": "sortables.staff",
  "pk": 13,
  "fields": {
    "company": 4,
    "person": 13,
    "position": "Vice Chairman of the Board",
    "order": 0
  }
},
{
  "model": "sortables.industry",
  "pk": 1,
  "fields": {
    "title": "Computer hardware"
  }
},
{
  "model": "sortables.industry",
  "pk": 2,
  "fields": {
    "title": "Computer software"
  }
},
{
  "model": "sortables.industry",
  "pk": 3,
  "fields": {
    "title": "Cloud computing"
  }
},
{
  "model": "sortables.industry",
  "pk": 4,
  "fields": {
    "title": "Electronics"
  }
},
{
  "model": "sortables.industry",
  "pk": 5,
  "fields": {
    "title": "Semiconductors"
  }
},
{
  "model": "sortables.industry",
  "pk": 6,
  "fields": {
    "title": "Home appliances"
  }
},
{
  "model": "sortables.industry",
  "pk": 7,
  "fields": {
    "title": "Telecommunications"
  }
},
{
  "model": "sortables.industry",
  "pk": 8,
  "fields": {
    "title": "Entertainment"
  }
},
{
  "model": "sortables.industry",
  "pk": 9,
  "fields": {
    "title": "Television"
  }
},
{
  "model": "sortables.industry",
  "pk": 10,
  "fields": {
    "title": "Music"
  }
},
{
  "model": "sortables.industry",
  "pk": 11,
  "fields": {
    "title": "Software development"
  }
},
{
  "model": "sortables.industry",
  "pk": 12,
  "fields": {
    "title": "Consumer electronics"
  }
},
{
  "model": "sortables.companyindustry",
  "pk": 1,
  "fields": {
    "company": 2,
    "industry": 1,
    "order": 0
  }
},
{
  "model": "sortables.companyindustry",
  "pk": 2,
  "fields": {
    "company": 2,
    "industry": 2,
    "order": 0
  }
},
{
  "model": "sortables.companyindustry",
  "pk": 3,
  "fields": {
    "company": 2,
    "industry": 3,
    "order": 0
  }
},
{
  "model": "sortables.companyindustry",
  "pk": 4,
  "fields": {
    "company": 3,
    "industry": 4,
    "order": 0
  }
},
{
  "model": "sortables.companyindustry",
  "pk": 5,
  "fields": {
    "company": 3,
    "industry": 5,
    "order": 0
  }
},
{
  "model": "sortables.companyindustry",
  "pk": 6,
  "fields": {
    "company": 3,
    "industry": 6,
    "order": 0
  }
},
{
  "model": "sortables.companyindustry",
  "pk": 7,
  "fields": {
    "company": 4,
    "industry": 7,
    "order": 0
  }
},
{
  "model": "sortables.companyindustry",
  "pk": 8,
  "fields": {
    "company": 4,
    "industry": 8,
    "order": 0
  }
},
{
  "model": "sortables.companyindustry",
  "pk": 9,
  "fields": {
    "company": 4,
    "industry": 9,
    "order": 0
  }
},
{
  "model": "sortables.companyindustry",
  "pk": 10,
  "fields": {
    "company": 4,
    "industry": 10,
    "order": 0
  }
},
{
  "model": "sortables.companyindustry",
  "pk": 11,
  "fields": {
    "company": 1,
    "industry": 11,
    "order": 0
  }
},
{
  "model": "sortables.companyindustry",
  "pk": 12,
  "fields": {
    "company": 1,
    "industry": 1,
    "order": 0
  }
},
{
  "model": "sortables.companyindustry",
  "pk": 13,
  "fields": {
    "company": 1,
    "industry": 12,
    "order": 0
  }
},
{
  "model": "sortables.companyindustry",
  "pk": 14,
  "fields": {
    "company": 1,
    "industry": 3,
    "order": 0
  }
},
{
  "model": "sortables.mptttree",
  "pk": 1,
  "fields": {
    "parent": null,
    "title": "Women",
    "position": 0,
    "lft": 1,
    "rght": 12,
    "tree_id": 1,
    "level": 0
  }
},
{
  "model": "sortables.mptttree",
  "pk": 2,
  "fields": {
    "parent": 1,
    "title": "Shirts",
    "position": 1,
    "lft": 2,
    "rght": 7,
    "tree_id": 1,
    "level": 1
  }
},
{
  "model": "sortables.mptttree",
  "pk": 3,
  "fields": {
    "parent": 1,
    "title": "Skirts",
    "position": 5,
    "lft": 10,
    "rght": 11,
    "tree_id": 1,
    "level": 1
  }
},
{
  "model": "sortables.mptttree",
  "pk": 4,
  "fields": {
    "parent": 1,
    "title": "Purses",
    "position": 4,
    "lft": 8,
    "rght": 9,
    "tree_id": 1,
    "level": 1
  }
},
{
  "model": "sortables.mptttree",
  "pk": 5,
  "fields": {
    "parent": 2,
    "title": "Long Sleeves",
    "position": 2,
    "lft": 3,
    "rght": 4,
    "tree_id": 1,
    "level": 2
  }
},
{
  "model": "sortables.mptttree",
  "pk": 6,
  "fields": {
    "parent": 2,
    "title": "T-shirts",
    "position": 3,
    "lft": 5,
    "rght": 6,
    "tree_id": 1,
    "level": 2
  }
},
{
  "model": "sortables.mptttree",
  "pk": 7,
  "fields": {
    "parent": null,
    "title": "Men",
    "position": 6,
    "lft": 1,
    "rght": 14,
    "tree_id": 2,
    "level": 0
  }
},
{
  "model": "sortables.mptttree",
  "pk": 8,
  "fields": {
    "parent": 7,
    "title": "Footwear",
    "position": 7,
    "lft": 2,
    "rght": 7,
    "tree_id": 2,
    "level": 1
  }
},
{
  "model": "sortables.mptttree",
  "pk": 9,
  "fields": {
    "parent": 8,
    "title": "Shoes",
    "position": 8,
    "lft": 3,
    "rght": 4,
    "tree_id": 2,
    "level": 2
  }
},
{
  "model": "sortables.mptttree",
  "pk": 10,
  "fields": {
    "parent": 8,
    "title": "Sneakers",
    "position": 9,
    "lft": 5,
    "rght": 6,
    "tree_id": 2,
    "level": 2
  }
},
{
  "model": "sortables.mptttree",
  "pk": 11,
  "fields": {
    "parent": 7,
    "title": "Shirts",
    "position": 10,
    "lft": 8,
    "rght": 13,
    "tree_id": 2,
    "level": 1
  }
},
{
  "model": "sortables.mptttree",
  "pk": 12,
  "fields": {
    "parent": 11,
    "title": "Tank Tops",
    "position": 12,
    "lft": 11,
    "rght": 12,
    "tree_id": 2,
    "level": 2
  }
},
{
  "model": "sortables.mptttree",
  "pk": 13,
  "fields": {
    "parent": 11,
    "title": "T-shirts",
    "position": 11,
    "lft": 9,
    "rght": 10,
    "tree_id": 2,
    "level": 2
  }
},
{
  "model": "sortables.djangotreequeriesnode",
  "pk": 1,
  "fields": {
    "parent": null,
    "title": "Women",
    "position": 0
  }
},
{
  "model": "sortables.djangotreequeriesnode",
  "pk": 2,
  "fields": {
    "parent": 1,
    "title": "Shirts",
    "position": 1
  }
},
{
  "model": "sortables.djangotreequeriesnode",
  "pk": 3,
  "fields": {
    "parent": 1,
    "title": "Skirts",
    "position": 5
  }
},
{
  "model": "sortables.djangotreequeriesnode",
  "pk": 4,
  "fields": {
    "parent": 1,
    "title": "Purses",
    "position": 4
  }
},
{
  "model": "sortables.djangotreequeriesnode",
  "pk": 5,
  "fields": {
    "parent": 2,
    "title": "Long Sleeves",
    "position": 2
  }
},
{
  "model": "sortables.djangotreequeriesnode",
  "pk": 6,
  "fields": {
    "parent": 2,
    "title": "T-shirts",
    "position": 3
  }
},
{
  "model": "sortables.djangotreequeriesnode",
  "pk": 7,
  "fields": {
    "parent": null,
    "title": "Men",
    "position": 6
  }
},
{
  "model": "sortables.djangotreequeriesnode",
  "pk": 8,
  "fields": {
    "parent": 7,
    "title": "Footwear",
    "position": 7
  }
},
{
  "model": "sortables.djangotreequeriesnode",
  "pk": 9,
  "fields": {
    "parent": 8,
    "title": "Shoes",
    "position": 8
  }
},
{
  "model": "sortables.djangotreequeriesnode",
  "pk": 10,
  "fields": {
    "parent": 8,
    "title": "Sneakers",
    "position": 9
  }
},
{
  "model": "sortables.djangotreequeriesnode",
  "pk": 11,
  "fields": {
    "parent": 7,
    "title": "Shirts",
    "position": 10
  }
},
{
  "model": "sortables.djangotreequeriesnode",
  "pk": 12,
  "fields": {
    "parent": 11,
    "title": "Tank Tops",
    "position": 12
  }
},
{
  "model": "sortables.djangotreequeriesnode",
  "pk": 13,
  "fields": {
    "parent": 11,
    "title": "T-shirts",
    "position": 11
  }
}
]
