[
{
  "model": "auth.user",
  "pk": 1,
  "fields": {
    "password": "pbkdf2_sha256$390000$VLp9WvVqw5fxTscEtAx6sK$qIubwbY673ysjUgVPbNfcEbY9pI+4NukBhG1aEmNmDs=",
    "last_login": "2023-03-29T05:03:52.051Z",
    "is_superuser": true,
    "username": "admin",
    "first_name": "",
    "last_name": "",
    "email": "x896321475@gmail.com",
    "is_staff": true,
    "is_active": true,
    "date_joined": "2019-08-27T08:52:00Z",
    "groups": [],
    "user_permissions": []
  }
},
{
  "model": "auth.user",
  "pk": 2,
  "fields": {
    "password": "pbkdf2_sha256$120000$j9oH3FPhKf89$jo6ij+4U+zKBY37a7pFfqji8UKkGyZHWuF2bpSWeMHo=",
    "last_login": "2021-05-26T14:52:00.691Z",
    "is_superuser": false,
    "username": "test",
    "first_name": "",
    "last_name": "",
    "email": "",
    "is_staff": true,
    "is_active": true,
    "date_joined": "2020-03-25T06:37:00Z",
    "groups": [],
    "user_permissions": [
      [
        "view_logentry",
        "admin",
        "logentry"
      ],
      [
        "add_tag",
        "app",
        "tag"
      ],
      [
        "change_tag",
        "app",
        "tag"
      ],
      [
        "view_tag",
        "app",
        "tag"
      ],
      [
        "view_user",
        "auth",
        "user"
      ]
    ]
  }
},
{
  "model": "app.author",
  "pk": 1,
  "fields": {
    "name": "J.K. Rowling"
  }
},
{
  "model": "app.author",
  "pk": 2,
  "fields": {
    "name": "Stephen King"
  }
},
{
  "model": "app.author",
  "pk": 3,
  "fields": {
    "name": "Agatha Christie"
  }
},
{
  "model": "app.author",
  "pk": 4,
  "fields": {
    "name": "Leo Tolstoy"
  }
},
{
  "model": "app.author",
  "pk": 5,
  "fields": {
    "name": "Jane Austen"
  }
},
{
  "model": "app.author",
  "pk": 6,
  "fields": {
    "name": "Clayton M. Christensen"
  }
},
{
  "model": "app.author",
  "pk": 7,
  "fields": {
    "name": "Michael E. Raynor"
  }
},
{
  "model": "app.author",
  "pk": 8,
  "fields": {
    "name": "Rory McDonald"
  }
},
{
  "model": "app.book",
  "pk": 1,
  "fields": {
    "title": "Harry Potter and the Philosopher's Stone"
  }
},
{
  "model": "app.book",
  "pk": 2,
  "fields": {
    "title": "The Shining"
  }
},
{
  "model": "app.book",
  "pk": 3,
  "fields": {
    "title": "Murder on the Orient Express"
  }
},
{
  "model": "app.book",
  "pk": 4,
  "fields": {
    "title": "War and Peace"
  }
},
{
  "model": "app.book",
  "pk": 5,
  "fields": {
    "title": "Pride and Prejudice"
  }
},
{
  "model": "app.book",
  "pk": 6,
  "fields": {
    "title": "The Innovator's Dilemma"
  }
},
{
  "model": "app.bookauthor",
  "pk": 1,
  "fields": {
    "book": 1,
    "author": 1
  }
},
{
  "model": "app.bookauthor",
  "pk": 2,
  "fields": {
    "book": 2,
    "author": 2
  }
},
{
  "model": "app.bookauthor",
  "pk": 3,
  "fields": {
    "book": 3,
    "author": 3
  }
},
{
  "model": "app.bookauthor",
  "pk": 4,
  "fields": {
    "book": 4,
    "author": 4
  }
},
{
  "model": "app.bookauthor",
  "pk": 5,
  "fields": {
    "book": 5,
    "author": 5
  }
},
{
  "model": "app.bookauthor",
  "pk": 6,
  "fields": {
    "book": 6,
    "author": 6
  }
},
{
  "model": "app.bookauthor",
  "pk": 7,
  "fields": {
    "book": 6,
    "author": 7
  }
},
{
  "model": "app.bookauthor",
  "pk": 8,
  "fields": {
    "book": 6,
    "author": 8
  }
},
{
  "model": "app.review",
  "pk": 1,
  "fields": {
    "rating": 5,
    "book": 1,
    "text": "Great book!"
  }
},
{
  "model": "app.review",
  "pk": 2,
  "fields": {
    "rating": 5,
    "book": 2,
    "text": "Scary but amazing!"
  }
},
{
  "model": "app.review",
  "pk": 3,
  "fields": {
    "rating": 5,
    "book": 3,
    "text": "A classic whodunit!"
  }
},
{
  "model": "app.review",
  "pk": 4,
  "fields": {
    "rating": 4,
    "book": 4,
    "text": "Epic novel!"
  }
},
{
  "model": "app.review",
  "pk": 5,
  "fields": {
    "rating": 5,
    "book": 5,
    "text": "A timeless love story!"
  }
},
{
  "model": "app.review",
  "pk": 6,
  "fields": {
    "rating": 5,
    "book": 6,
    "text": "This book is a must-read for anyone interested in innovation and disruption. The authors provide a clear \r\nframework for understanding why successful companies often fail to adapt to new technologies and markets, and offer \r\npractical advice for how to avoid this fate."
  }
},
{
  "model": "app.review",
  "pk": 7,
  "fields": {
    "rating": 4,
    "book": 6,
    "text": "While the ideas in this book are certainly thought-provoking, I found the writing style to be a bit dry and \r\nacademic. It's definitely not a page-turner, but it's worth the effort for the insights it provides."
  }
},
{
  "model": "app.review",
  "pk": 8,
  "fields": {
    "rating": 2,
    "book": 6,
    "text": "I found The Innovator's Dilemma to be a tedious and unenlightening read. The author's arguments were convoluted and \r\nlacked any real substance. The case studies presented were outdated and failed to provide any relevant insights into \r\nmodern business practices. Overall, I was thoroughly disappointed with this book and would not recommend it to anyone \r\nlooking for practical advice on innovation and disruption."
  }
},
{
  "model": "app.review",
  "pk": 9,
  "fields": {
    "rating": 2,
    "book": 4,
    "text": "I recently read War and Peace by Leo Tolstoy and unfortunately, I was not impressed. While the historical context and \r\ncharacters were interesting, the book was far too long and often felt tedious to read. The numerous philosophical \r\ntangents and lengthy descriptions of battle scenes made it difficult to stay engaged with the story. Additionally, the \r\ncharacters lacked depth and were often one-dimensional. Overall, I would give this book a 2 out of 5. While it may be \r\nconsidered a classic, it did not live up to my expectations and I would not recommend it to others."
  }
},
{
  "model": "app.review",
  "pk": 10,
  "fields": {
    "rating": 4,
    "book": 2,
    "text": "I recently read The Shining by Stephen King and overall, I found it to be a thrilling and suspenseful read. The \r\ncharacters were well-developed and the setting of the isolated hotel added to the eerie atmosphere of the story. The \r\nplot was engaging and kept me on the edge of my seat, but at times it felt a bit slow and repetitive. Additionally, some\r\nof the supernatural elements felt a bit far-fetched and took away from the realism of the story. However, despite these \r\nminor flaws, I would still highly recommend The Shining to fans of horror and suspense."
  }
},
{
  "model": "app.review",
  "pk": 11,
  "fields": {
    "rating": 1,
    "book": 3,
    "text": "I found Murder on the Orient Express to be a tedious and uninteresting read. The plot was predictable and the characters\r\nwere one-dimensional. The writing style was dry and lacked any real depth or emotion. Overall, I was extremely \r\ndisappointed with this book and would not recommend it to anyone looking for a thrilling mystery."
  }
},
{
  "model": "app.mptttree",
  "pk": 6,
  "fields": {
    "parent": null,
    "name": "Animalia",
    "lft": 1,
    "rght": 24,
    "tree_id": 1,
    "level": 0
  }
},
{
  "model": "app.mptttree",
  "pk": 7,
  "fields": {
    "parent": 6,
    "name": "Chordate",
    "lft": 2,
    "rght": 15,
    "tree_id": 1,
    "level": 1
  }
},
{
  "model": "app.mptttree",
  "pk": 8,
  "fields": {
    "parent": 6,
    "name": "Arthropoda",
    "lft": 16,
    "rght": 23,
    "tree_id": 1,
    "level": 1
  }
},
{
  "model": "app.mptttree",
  "pk": 9,
  "fields": {
    "parent": 7,
    "name": "Mammal",
    "lft": 3,
    "rght": 14,
    "tree_id": 1,
    "level": 2
  }
},
{
  "model": "app.mptttree",
  "pk": 10,
  "fields": {
    "parent": 8,
    "name": "Insect",
    "lft": 17,
    "rght": 22,
    "tree_id": 1,
    "level": 2
  }
},
{
  "model": "app.mptttree",
  "pk": 11,
  "fields": {
    "parent": 9,
    "name": "Primate",
    "lft": 4,
    "rght": 9,
    "tree_id": 1,
    "level": 3
  }
},
{
  "model": "app.mptttree",
  "pk": 12,
  "fields": {
    "parent": 9,
    "name": "Carnivora",
    "lft": 10,
    "rght": 13,
    "tree_id": 1,
    "level": 3
  }
},
{
  "model": "app.mptttree",
  "pk": 13,
  "fields": {
    "parent": 10,
    "name": "Diptera",
    "lft": 18,
    "rght": 21,
    "tree_id": 1,
    "level": 3
  }
},
{
  "model": "app.mptttree",
  "pk": 14,
  "fields": {
    "parent": 11,
    "name": "Homonidae",
    "lft": 5,
    "rght": 6,
    "tree_id": 1,
    "level": 4
  }
},
{
  "model": "app.mptttree",
  "pk": 15,
  "fields": {
    "parent": 11,
    "name": "Pongidae",
    "lft": 7,
    "rght": 8,
    "tree_id": 1,
    "level": 4
  }
},
{
  "model": "app.mptttree",
  "pk": 16,
  "fields": {
    "parent": 12,
    "name": "Felidae",
    "lft": 11,
    "rght": 12,
    "tree_id": 1,
    "level": 4
  }
},
{
  "model": "app.mptttree",
  "pk": 17,
  "fields": {
    "parent": 13,
    "name": "Muscidae",
    "lft": 19,
    "rght": 20,
    "tree_id": 1,
    "level": 4
  }
},
{
  "model": "app.sigleton",
  "pk": 1,
  "fields": {
    "title": "Test"
  }
},
{
  "model": "app.tag",
  "pk": 1,
  "fields": {
    "name": "Family"
  }
},
{
  "model": "app.tag",
  "pk": 3,
  "fields": {
    "name": "Food"
  }
},
{
  "model": "app.tag",
  "pk": 4,
  "fields": {
    "name": "Fun"
  }
},
{
  "model": "app.tag",
  "pk": 5,
  "fields": {
    "name": "Dance"
  }
},
{
  "model": "app.tag",
  "pk": 7,
  "fields": {
    "name": "Red"
  }
},
{
  "model": "app.tag",
  "pk": 8,
  "fields": {
    "name": "Blue"
  }
},
{
  "model": "app.tag",
  "pk": 9,
  "fields": {
    "name": "Green"
  }
},
{
  "model": "app.tag",
  "pk": 10,
  "fields": {
    "name": "Yellow"
  }
},
{
  "model": "app.tag",
  "pk": 11,
  "fields": {
    "name": "Fish"
  }
},
{
  "model": "app.tag",
  "pk": 12,
  "fields": {
    "name": "Bear"
  }
},
{
  "model": "app.tag",
  "pk": 13,
  "fields": {
    "name": "Panda"
  }
},
{
  "model": "app.tag",
  "pk": 14,
  "fields": {
    "name": "Human"
  }
},
{
  "model": "app.tag",
  "pk": 16,
  "fields": {
    "name": "Purple"
  }
},
{
  "model": "app.tag",
  "pk": 17,
  "fields": {
    "name": "AC/DC"
  }
},
{
  "model": "app.tag",
  "pk": 18,
  "fields": {
    "name": "Scorpions"
  }
},
{
  "model": "app.tag",
  "pk": 19,
  "fields": {
    "name": "ABBA"
  }
},
{
  "model": "app.tag",
  "pk": 20,
  "fields": {
    "name": "Beatles"
  }
},
{
  "model": "app.tag",
  "pk": 21,
  "fields": {
    "name": "Judas Priest"
  }
},
{
  "model": "app.tag",
  "pk": 22,
  "fields": {
    "name": "Metallica"
  }
},
{
  "model": "app.tag",
  "pk": 23,
  "fields": {
    "name": "Linkin Park"
  }
},
{
  "model": "app.tag",
  "pk": 24,
  "fields": {
    "name": "Eminem"
  }
},
{
  "model": "app.tag",
  "pk": 25,
  "fields": {
    "name": "Nirvana"
  }
},
{
  "model": "app.tag",
  "pk": 26,
  "fields": {
    "name": "Hotel"
  }
},
{
  "model": "app.tag",
  "pk": 27,
  "fields": {
    "name": "Village"
  }
},
{
  "model": "app.tag",
  "pk": 28,
  "fields": {
    "name": "New York"
  }
},
{
  "model": "app.tag",
  "pk": 29,
  "fields": {
    "name": "California"
  }
},
{
  "model": "app.tag",
  "pk": 30,
  "fields": {
    "name": "War"
  }
},
{
  "model": "app.tag",
  "pk": 31,
  "fields": {
    "name": "Town"
  }
},
{
  "model": "app.tag",
  "pk": 32,
  "fields": {
    "name": "Velvet"
  }
},
{
  "model": "app.category",
  "pk": 1,
  "fields": {
    "f_fk": 5,
    "f_o2o": null,
    "f_fk1": 4,
    "f_fk2": 1,
    "f_fk3": 4,
    "f_bool": true,
    "f_bool2": true,
    "f_small_int": 9,
    "f_int_choices": 1,
    "f_int_choices2": 1,
    "f_int": 0,
    "f_bigint": 0,
    "f_float": 0.0,
    "f_decimal": "0.00",
    "f_duration": null,
    "f_date": "2021-04-21",
    "f_date2": "2021-01-01",
    "f_time": "11:50:00",
    "f_datetime": "2021-05-21T11:50:00Z",
    "f_hidden1": "",
    "f_hidden2": "",
    "f_hidden3": "",
    "f_char": "MongoDB",
    "f_slug": "mongodb-0",
    "f_email": "",
    "f_pass": "",
    "f_ip": null,
    "f_text": "",
    "f_url": "",
    "f_uuid": null,
    "f_filepath": "",
    "f_file": "",
    "f_image": "",
    "f_char_ro": "",
    "f_int_ro": 0,
    "f_text_ro": "",
    "dal_fk": 9,
    "status": "",
    "f_tags": [
      3
    ],
    "f_tags1": [],
    "f_tags2": [
      1,
      3
    ],
    "f_tags3": [
      3,
      4
    ],
    "f_tags4": [
      5,
      3
    ],
    "f_tags5": [
      3
    ],
    "dal_m2m": [
      3,
      9
    ]
  }
},
{
  "model": "app.category",
  "pk": 2,
  "fields": {
    "f_fk": 1,
    "f_o2o": null,
    "f_fk1": null,
    "f_fk2": null,
    "f_fk3": null,
    "f_bool": false,
    "f_bool2": true,
    "f_small_int": 0,
    "f_int_choices": 1,
    "f_int_choices2": 4,
    "f_int": 0,
    "f_bigint": 0,
    "f_float": 0.0,
    "f_decimal": "0.00",
    "f_duration": null,
    "f_date": "2021-05-21",
    "f_date2": "2021-01-01",
    "f_time": "11:51:00",
    "f_datetime": "2021-05-21T11:51:00Z",
    "f_hidden1": "",
    "f_hidden2": "",
    "f_hidden3": "",
    "f_char": "Excel",
    "f_slug": "excel-0",
    "f_email": "",
    "f_pass": "",
    "f_ip": null,
    "f_text": "",
    "f_url": "",
    "f_uuid": null,
    "f_filepath": "",
    "f_file": "",
    "f_image": "",
    "f_char_ro": "",
    "f_int_ro": 0,
    "f_text_ro": "",
    "dal_fk": null,
    "status": "",
    "f_tags": [
      3
    ],
    "f_tags1": [],
    "f_tags2": [
      4
    ],
    "f_tags3": [
      3,
      4
    ],
    "f_tags4": [
      3
    ],
    "f_tags5": [
      5,
      4
    ],
    "dal_m2m": [
      29,
      25
    ]
  }
},
{
  "model": "app.category",
  "pk": 3,
  "fields": {
    "f_fk": 12,
    "f_o2o": 1,
    "f_fk1": 9,
    "f_fk2": 5,
    "f_fk3": 3,
    "f_bool": false,
    "f_bool2": true,
    "f_small_int": 1237,
    "f_int_choices": 3,
    "f_int_choices2": 4,
    "f_int": 3897,
    "f_bigint": 124564564,
    "f_float": 14.5,
    "f_decimal": "5.50",
    "f_duration": "00:03:20",
    "f_date": "2020-09-15",
    "f_date2": "2023-03-18",
    "f_time": "10:10:00",
    "f_datetime": "2020-09-09T15:30:00Z",
    "f_hidden1": "",
    "f_hidden2": "",
    "f_hidden3": "",
    "f_char": "Redis",
    "f_slug": "redis-0",
    "f_email": "mail@box.com",
    "f_pass": "",
    "f_ip": "127.0.0.1",
    "f_text": "At vero eos et accusam et justo duo dolores et ea rebum. Stet clita kasd gubergren, no sea takimata sanctus est Lorem ipsum dolor sit amet. Lorem ipsum dolor sit amet, consetetur sadipscing elitr, sed diam nonumy eirmod tempor invidunt ut labore et dolore magna aliquyam erat, sed diam voluptua. At vero eos et accusam et justo duo dolores et ea rebum. Stet clita kasd gubergren, no sea takimata sanctus est Lorem ipsum dolor sit amet. Lorem ipsum dolor sit amet, consetetur sadipscing elitr",
    "f_url": "https://www.uuidgenerator.net/",
    "f_uuid": "bbe94b62-9e84-4667-829c-80d5cc6fcfba",
    "f_filepath": "/home/jon/Python/www/paper-admin/tests/app/admin.py",
    "f_file": "category/submit_VTI1oAi.py",
    "f_image": "category/700x487.jpg",
    "f_char_ro": "",
    "f_int_ro": 0,
    "f_text_ro": "Readonly content",
    "dal_fk": 31,
    "status": "failure",
    "f_tags": [
      8,
      1,
      7
    ],
    "f_tags1": [
      8,
      5,
      9,
      7
    ],
    "f_tags2": [
      8,
      5,
      24
    ],
    "f_tags3": [
      1,
      3
    ],
    "f_tags4": [
      1,
      4,
      7
    ],
    "f_tags5": [
      5,
      4
    ],
    "dal_m2m": [
      5,
      4
    ]
  }
},
{
  "model": "app.category",
  "pk": 4,
  "fields": {
    "f_fk": 5,
    "f_o2o": null,
    "f_fk1": null,
    "f_fk2": null,
    "f_fk3": null,
    "f_bool": true,
    "f_bool2": true,
    "f_small_int": 0,
    "f_int_choices": 1,
    "f_int_choices2": 2,
    "f_int": 0,
    "f_bigint": 0,
    "f_float": 0.0,
    "f_decimal": "0.00",
    "f_duration": null,
    "f_date": "2021-05-22",
    "f_date2": "2021-01-01",
    "f_time": "11:49:00",
    "f_datetime": "2021-05-21T11:49:00Z",
    "f_hidden1": "",
    "f_hidden2": "",
    "f_hidden3": "",
    "f_char": "PostgreSQL",
    "f_slug": "valve-0",
    "f_email": "",
    "f_pass": "",
    "f_ip": null,
    "f_text": "",
    "f_url": "",
    "f_uuid": null,
    "f_filepath": "",
    "f_file": "",
    "f_image": "",
    "f_char_ro": "",
    "f_int_ro": 0,
    "f_text_ro": "",
    "dal_fk": null,
    "status": "",
    "f_tags": [
      1
    ],
    "f_tags1": [],
    "f_tags2": [
      9
    ],
    "f_tags3": [
      1
    ],
    "f_tags4": [
      7
    ],
    "f_tags5": [
      4
    ],
    "dal_m2m": [
      20
    ]
  }
},
{
  "model": "app.category",
  "pk": 5,
  "fields": {
    "f_fk": 32,
    "f_o2o": 12,
    "f_fk1": 20,
    "f_fk2": null,
    "f_fk3": 29,
    "f_bool": false,
    "f_bool2": true,
    "f_small_int": 0,
    "f_int_choices": 1,
    "f_int_choices2": 3,
    "f_int": 0,
    "f_bigint": 0,
    "f_float": 0.0,
    "f_decimal": "0.00",
    "f_duration": null,
    "f_date": "2021-07-07",
    "f_date2": "2023-01-01",
    "f_time": "11:53:00",
    "f_datetime": "2021-07-07T11:53:00Z",
    "f_hidden1": "",
    "f_hidden2": "",
    "f_hidden3": "",
    "f_char": "MySQL",
    "f_slug": "mysql-0",
    "f_email": "",
    "f_pass": "",
    "f_ip": null,
    "f_text": "",
    "f_url": "",
    "f_uuid": null,
    "f_filepath": "",
    "f_file": "",
    "f_image": "",
    "f_char_ro": "",
    "f_int_ro": 0,
    "f_text_ro": "",
    "dal_fk": null,
    "status": "success",
    "f_tags": [
      31,
      10
    ],
    "f_tags1": [
      5,
      9
    ],
    "f_tags2": [
      26
    ],
    "f_tags3": [
      29,
      9
    ],
    "f_tags4": [
      12,
      23
    ],
    "f_tags5": [
      21
    ],
    "dal_m2m": [
      8
    ]
  }
},
{
  "model": "app.item",
  "pk": 1,
  "fields": {
    "category": 1,
    "hidden": 1,
    "readonly": "Do not edit me",
    "name": "Billy",
    "age": 18,
    "slug": "billy",
    "url": "",
    "text": "",
    "visible": true,
    "status": "",
    "created_at": null
  }
},
{
  "model": "app.item",
  "pk": 2,
  "fields": {
    "category": 1,
    "hidden": 1,
    "readonly": "Do not edit me",
    "name": "Jonny",
    "age": 18,
    "slug": "jonny",
    "url": "",
    "text": "",
    "visible": true,
    "status": "",
    "created_at": null
  }
},
{
  "model": "app.item",
  "pk": 3,
  "fields": {
    "category": 2,
    "hidden": 1,
    "readonly": "Do not edit me",
    "name": "one",
    "age": 18,
    "slug": "one",
    "url": "",
    "text": "",
    "visible": true,
    "status": "",
    "created_at": null
  }
},
{
  "model": "app.item",
  "pk": 4,
  "fields": {
    "category": 3,
    "hidden": 1,
    "readonly": "Do not edit me",
    "name": "Sunny",
    "age": 18,
    "slug": "sunny",
    "url": "",
    "text": "",
    "visible": true,
    "status": "",
    "created_at": null
  }
},
{
  "model": "app.item",
  "pk": 5,
  "fields": {
    "category": 4,
    "hidden": 1,
    "readonly": "Do not edit me",
    "name": "One",
    "age": 18,
    "slug": "one",
    "url": "",
    "text": "",
    "visible": true,
    "status": "",
    "created_at": null
  }
},
{
  "model": "app.item",
  "pk": 9,
  "fields": {
    "category": 3,
    "hidden": 1,
    "readonly": "Do not edit me",
    "name": "Funny",
    "age": 18,
    "slug": "error",
    "url": "",
    "text": "",
    "visible": true,
    "status": "",
    "created_at": null
  }
},
{
  "model": "app.item",
  "pk": 10,
  "fields": {
    "category": 3,
    "hidden": 1,
    "readonly": "Do not edit me",
    "name": "Banny",
    "age": 18,
    "slug": "banny",
    "url": "",
    "text": "",
    "visible": true,
    "status": "",
    "created_at": null
  }
},
{
  "model": "app.item",
  "pk": 11,
  "fields": {
    "category": 5,
    "hidden": 1,
    "readonly": "Do not edit me",
    "name": "Kevin Bow",
    "age": 25,
    "slug": "propeller-18",
    "url": "",
    "text": "",
    "visible": true,
    "status": "success",
    "created_at": null
  }
},
{
  "model": "app.item",
  "pk": 12,
  "fields": {
    "category": 5,
    "hidden": 1,
    "readonly": "Do not edit me",
    "name": "Sarah James",
    "age": 22,
    "slug": "sarah-james-22",
    "url": "",
    "text": "",
    "visible": true,
    "status": "failure",
    "created_at": null
  }
},
{
  "model": "app.djangotreequeriesnode",
  "pk": 1,
  "fields": {
    "parent": null,
    "name": "Eve"
  }
},
{
  "model": "app.djangotreequeriesnode",
  "pk": 2,
  "fields": {
    "parent": 1,
    "name": "Isaak"
  }
},
{
  "model": "app.djangotreequeriesnode",
  "pk": 3,
  "fields": {
    "parent": 2,
    "name": "Yakov"
  }
},
{
  "model": "app.djangotreequeriesnode",
  "pk": 4,
  "fields": {
    "parent": 1,
    "name": "Ilia"
  }
},
{
  "model": "app.djangotreequeriesnode",
  "pk": 5,
  "fields": {
    "parent": null,
    "name": "Adam"
  }
},
{
  "model": "app.widgets",
  "pk": 1,
  "fields": {
    "f_boolean": true,
    "f_switch": true,
    "f_small_int": 42,
    "f_int": -145645,
    "f_bigint": 1234562113153,
    "f_float": 25.456218,
    "f_decimal": "7.50",
    "f_choices": 1,
    "f_radio_choices": 2,
    "f_date": "2023-03-28",
    "f_select_date": "2023-06-15",
    "f_time": "23:54:00",
    "f_datetime": "2023-03-28T23:54:00Z",
    "f_duration": "00:00:30",
    "f_char": "Ant",
    "f_slug": "ant-145645",
    "f_email": "user@mail.com",
    "f_password": "123456789",
    "f_ip": "127.0.0.1",
    "f_text": "Vestibulum ante ipsum primis in faucibus orci luctus et ultrices posuere cubilia Curae; Sed aliquam, nisi quis porttitor congue, elit erat euismod orci, ac placerat dolor lectus quis orci. Cras dapibus. Vivamus euismod mauris. Donec vitae sapien ut libero venenatis faucibus. Vivamus quis mi.\r\n\r\nCurabitur ullamcorper ultricies nisi. Ut a nisl id ante tempus hendrerit. Vivamus quis mi. Integer ante arcu, accumsan a, consectetuer eget, posuere ut, mauris. Proin viverra, ligula sit amet ultrices semper, ligula arcu tristique sapien, a accumsan nisi mauris ac eros.",
    "f_url": "https://www.npmjs.com/package/uuid",
    "f_uuid": "cca790ed-263f-497b-9cd3-6ca8271189e5",
    "f_filepath": "/home/jon/Python/www/paper-admin/tests/app/apps.py",
    "f_file": "widgets/big_doc.pdf",
    "f_file_input": "widgets/doc.pdf",
    "f_image": "widgets/Blizzard_Traces.jpg",
    "f_char_ro": "Default value",
    "f_int_ro": 42,
    "f_text_ro": "In hac habitasse platea dictumst. Curabitur nisi. Phasellus accumsan cursus velit. Suspendisse enim turpis, dictum sed, iaculis a, condimentum nec, nisi.",
    "f_hidden": "",
    "f_fk": 17,
    "f_o2o": 19,
    "f_radio_fk": 24,
    "f_raw_id_fk": 23,
    "f_ac_fk": 27,
    "f_ac_o2o": 12,
    "dal_fk": 21,
    "f_m2m": [
      8,
      9,
      10
    ],
    "f_checkbox_m2m": [
      11,
      14
    ],
    "f_radio_m2m": [
      22
    ],
    "f_horizontal_m2m": [
      28,
      31,
      27
    ],
    "f_ac_m2m": [
      29,
      26
    ],
    "dal_m2m": [
      13,
      30
    ]
  }
},
{
  "model": "sortables.company",
  "pk": 1,
  "fields": {
    "title": "Microsoft",
    "order": 3
  }
},
{
  "model": "sortables.company",
  "pk": 2,
  "fields": {
    "title": "Apple",
    "order": 2
  }
},
{
  "model": "sortables.company",
  "pk": 3,
  "fields": {
    "title": "Samsung",
    "order": 1
  }
},
{
  "model": "sortables.company",
  "pk": 4,
  "fields": {
    "title": "Sony",
    "order": 0
  }
},
{
  "model": "sortables.person",
  "pk": 1,
  "fields": {
    "first_name": "Satya",
    "last_name": "Nadella"
  }
},
{
  "model": "sortables.person",
  "pk": 2,
  "fields": {
    "first_name": "Judson",
    "last_name": "Althoff"
  }
},
{
  "model": "sortables.person",
  "pk": 3,
  "fields": {
    "first_name": "Amy",
    "last_name": "Hood"
  }
},
{
  "model": "sortables.person",
  "pk": 4,
  "fields": {
    "first_name": "Tim",
    "last_name": "Cook"
  }
},
{
  "model": "sortables.person",
  "pk": 5,
  "fields": {
    "first_name": "Katherine",
    "last_name": "Adams"
  }
},
{
  "model": "sortables.person",
  "pk": 6,
  "fields": {
    "first_name": "Eddy",
    "last_name": "Cue"
  }
},
{
  "model": "sortables.person",
  "pk": 7,
  "fields": {
    "first_name": "Craig",
    "last_name": "Federighi"
  }
},
{
  "model": "sortables.person",
  "pk": 8,
  "fields": {
    "first_name": "David",
    "last_name": "Goldschmidt"
  }
},
{
  "model": "sortables.person",
  "pk": 9,
  "fields": {
    "first_name": "James",
    "last_name": "Oh"
  }
},
{
  "model": "sortables.person",
  "pk": 10,
  "fields": {
    "first_name": "Sean",
    "last_name": "Kae"
  }
},
{
  "model": "sortables.person",
  "pk": 11,
  "fields": {
    "first_name": "Kenichiro",
    "last_name": "Yoshida"
  }
},
{
  "model": "sortables.person",
  "pk": 12,
  "fields": {
    "first_name": "Shuzo",
    "last_name": "Sumi"
  }
},
{
  "model": "sortables.person",
  "pk": 13,
  "fields": {
    "first_name": "Kazuo",
    "last_name": "Matsunaga"
  }
},
{
  "model": "sortables.staff",
  "pk": 1,
  "fields": {
    "company": 1,
    "person": 1,
    "position": "Chief Executive Officer",
    "order": 0
  }
},
{
  "model": "sortables.staff",
  "pk": 2,
  "fields": {
    "company": 1,
    "person": 2,
    "position": "Executive Vice President, Worldwide Commercial Business",
    "order": 0
  }
},
{
  "model": "sortables.staff",
  "pk": 3,
  "fields": {
    "company": 1,
    "person": 3,
    "position": "Executive Vice President and Chief Financial Officer",
    "order": 0
  }
},
{
  "model": "sortables.staff",
  "pk": 4,
  "fields": {
    "company": 2,
    "person": 4,
    "position": "CEO",
    "order": 0
  }
},
{
  "model": "sortables.staff",
  "pk": 5,
  "fields": {
    "company": 2,
    "person": 5,
    "position": "Senior Vice President and General Counsel",
    "order": 0
  }
},
{
  "model": "sortables.staff",
  "pk": 6,
  "fields": {
    "company": 2,
    "person": 6,
    "position": "Senior Vice President Internet Software and Services",
    "order": 0
  }
},
{
  "model": "sortables.staff",
  "pk": 7,
  "fields": {
    "company": 2,
    "person": 7,
    "position": "Senior Vice President Software Engineering",
    "order": 0
  }
},
{
  "model": "sortables.staff",
  "pk": 8,
  "fields": {
    "company": 3,
    "person": 8,
    "position": "Vice President",
    "order": 0
  }
},
{
  "model": "sortables.staff",
  "pk": 9,
  "fields": {
    "company": 3,
    "person": 9,
    "position": "Senior Vice President",
    "order": 0
  }
},
{
  "model": "sortables.staff",
  "pk": 10,
  "fields": {
    "company": 3,
    "person": 10,
    "position": "Acting Head",
    "order": 0
  }
},
{
  "model": "sortables.staff",
  "pk": 11,
  "fields": {
    "company": 4,
    "person": 11,
    "position": "Member of Nominating Committee",
    "order": 0
  }
},
{
  "model": "sortables.staff",
  "pk": 12,
  "fields": {
    "company": 4,
    "person": 12,
    "position": "Chairman of the Board",
    "order": 0
  }
},
{
  "model": "sortables.staff",
  "pk": 13,
  "fields": {
    "company": 4,
    "person": 13,
    "position": "Vice Chairman of the Board",
    "order": 0
  }
},
{
  "model": "sortables.industry",
  "pk": 1,
  "fields": {
    "title": "Computer hardware"
  }
},
{
  "model": "sortables.industry",
  "pk": 2,
  "fields": {
    "title": "Computer software"
  }
},
{
  "model": "sortables.industry",
  "pk": 3,
  "fields": {
    "title": "Cloud computing"
  }
},
{
  "model": "sortables.industry",
  "pk": 4,
  "fields": {
    "title": "Electronics"
  }
},
{
  "model": "sortables.industry",
  "pk": 5,
  "fields": {
    "title": "Semiconductors"
  }
},
{
  "model": "sortables.industry",
  "pk": 6,
  "fields": {
    "title": "Home appliances"
  }
},
{
  "model": "sortables.industry",
  "pk": 7,
  "fields": {
    "title": "Telecommunications"
  }
},
{
  "model": "sortables.industry",
  "pk": 8,
  "fields": {
    "title": "Entertainment"
  }
},
{
  "model": "sortables.industry",
  "pk": 9,
  "fields": {
    "title": "Television"
  }
},
{
  "model": "sortables.industry",
  "pk": 10,
  "fields": {
    "title": "Music"
  }
},
{
  "model": "sortables.industry",
  "pk": 11,
  "fields": {
    "title": "Software development"
  }
},
{
  "model": "sortables.industry",
  "pk": 12,
  "fields": {
    "title": "Consumer electronics"
  }
},
{
  "model": "sortables.companyindustry",
  "pk": 1,
  "fields": {
    "company": 2,
    "industry": 1,
    "order": 0
  }
},
{
  "model": "sortables.companyindustry",
  "pk": 2,
  "fields": {
    "company": 2,
    "industry": 2,
    "order": 0
  }
},
{
  "model": "sortables.companyindustry",
  "pk": 3,
  "fields": {
    "company": 2,
    "industry": 3,
    "order": 0
  }
},
{
  "model": "sortables.companyindustry",
  "pk": 4,
  "fields": {
    "company": 3,
    "industry": 4,
    "order": 0
  }
},
{
  "model": "sortables.companyindustry",
  "pk": 5,
  "fields": {
    "company": 3,
    "industry": 5,
    "order": 0
  }
},
{
  "model": "sortables.companyindustry",
  "pk": 6,
  "fields": {
    "company": 3,
    "industry": 6,
    "order": 0
  }
},
{
  "model": "sortables.companyindustry",
  "pk": 7,
  "fields": {
    "company": 4,
    "industry": 7,
    "order": 0
  }
},
{
  "model": "sortables.companyindustry",
  "pk": 8,
  "fields": {
    "company": 4,
    "industry": 8,
    "order": 0
  }
},
{
  "model": "sortables.companyindustry",
  "pk": 9,
  "fields": {
    "company": 4,
    "industry": 9,
    "order": 0
  }
},
{
  "model": "sortables.companyindustry",
  "pk": 10,
  "fields": {
    "company": 4,
    "industry": 10,
    "order": 0
  }
},
{
  "model": "sortables.companyindustry",
  "pk": 11,
  "fields": {
    "company": 1,
    "industry": 11,
    "order": 0
  }
},
{
  "model": "sortables.companyindustry",
  "pk": 12,
  "fields": {
    "company": 1,
    "industry": 1,
    "order": 0
  }
},
{
  "model": "sortables.companyindustry",
  "pk": 13,
  "fields": {
    "company": 1,
    "industry": 12,
    "order": 0
  }
},
{
  "model": "sortables.companyindustry",
  "pk": 14,
  "fields": {
    "company": 1,
    "industry": 3,
    "order": 0
  }
},
{
  "model": "sortables.mptttree",
  "pk": 1,
  "fields": {
    "parent": null,
    "title": "Women",
    "position": 0,
    "lft": 1,
    "rght": 12,
    "tree_id": 1,
    "level": 0
  }
},
{
  "model": "sortables.mptttree",
  "pk": 2,
  "fields": {
    "parent": 1,
    "title": "Shirts",
    "position": 1,
    "lft": 2,
    "rght": 7,
    "tree_id": 1,
    "level": 1
  }
},
{
  "model": "sortables.mptttree",
  "pk": 3,
  "fields": {
    "parent": 1,
    "title": "Skirts",
    "position": 5,
    "lft": 10,
    "rght": 11,
    "tree_id": 1,
    "level": 1
  }
},
{
  "model": "sortables.mptttree",
  "pk": 4,
  "fields": {
    "parent": 1,
    "title": "Purses",
    "position": 4,
    "lft": 8,
    "rght": 9,
    "tree_id": 1,
    "level": 1
  }
},
{
  "model": "sortables.mptttree",
  "pk": 5,
  "fields": {
    "parent": 2,
    "title": "Long Sleeves",
    "position": 2,
    "lft": 3,
    "rght": 4,
    "tree_id": 1,
    "level": 2
  }
},
{
  "model": "sortables.mptttree",
  "pk": 6,
  "fields": {
    "parent": 2,
    "title": "T-shirts",
    "position": 3,
    "lft": 5,
    "rght": 6,
    "tree_id": 1,
    "level": 2
  }
},
{
  "model": "sortables.mptttree",
  "pk": 7,
  "fields": {
    "parent": null,
    "title": "Men",
    "position": 6,
    "lft": 1,
    "rght": 14,
    "tree_id": 2,
    "level": 0
  }
},
{
  "model": "sortables.mptttree",
  "pk": 8,
  "fields": {
    "parent": 7,
    "title": "Footwear",
    "position": 7,
    "lft": 2,
    "rght": 7,
    "tree_id": 2,
    "level": 1
  }
},
{
  "model": "sortables.mptttree",
  "pk": 9,
  "fields": {
    "parent": 8,
    "title": "Shoes",
    "position": 8,
    "lft": 3,
    "rght": 4,
    "tree_id": 2,
    "level": 2
  }
},
{
  "model": "sortables.mptttree",
  "pk": 10,
  "fields": {
    "parent": 8,
    "title": "Sneakers",
    "position": 9,
    "lft": 5,
    "rght": 6,
    "tree_id": 2,
    "level": 2
  }
},
{
  "model": "sortables.mptttree",
  "pk": 11,
  "fields": {
    "parent": 7,
    "title": "Shirts",
    "position": 10,
    "lft": 8,
    "rght": 13,
    "tree_id": 2,
    "level": 1
  }
},
{
  "model": "sortables.mptttree",
  "pk": 12,
  "fields": {
    "parent": 11,
    "title": "Tank Tops",
    "position": 12,
    "lft": 11,
    "rght": 12,
    "tree_id": 2,
    "level": 2
  }
},
{
  "model": "sortables.mptttree",
  "pk": 13,
  "fields": {
    "parent": 11,
    "title": "T-shirts",
    "position": 11,
    "lft": 9,
    "rght": 10,
    "tree_id": 2,
    "level": 2
  }
},
{
  "model": "sortables.djangotreequeriesnode",
  "pk": 1,
  "fields": {
    "parent": null,
    "title": "Women",
    "position": 0
  }
},
{
  "model": "sortables.djangotreequeriesnode",
  "pk": 2,
  "fields": {
    "parent": 1,
    "title": "Shirts",
    "position": 1
  }
},
{
  "model": "sortables.djangotreequeriesnode",
  "pk": 3,
  "fields": {
    "parent": 1,
    "title": "Skirts",
    "position": 5
  }
},
{
  "model": "sortables.djangotreequeriesnode",
  "pk": 4,
  "fields": {
    "parent": 1,
    "title": "Purses",
    "position": 4
  }
},
{
  "model": "sortables.djangotreequeriesnode",
  "pk": 5,
  "fields": {
    "parent": 2,
    "title": "Long Sleeves",
    "position": 2
  }
},
{
  "model": "sortables.djangotreequeriesnode",
  "pk": 6,
  "fields": {
    "parent": 2,
    "title": "T-shirts",
    "position": 3
  }
},
{
  "model": "sortables.djangotreequeriesnode",
  "pk": 7,
  "fields": {
    "parent": null,
    "title": "Men",
    "position": 6
  }
},
{
  "model": "sortables.djangotreequeriesnode",
  "pk": 8,
  "fields": {
    "parent": 7,
    "title": "Footwear",
    "position": 7
  }
},
{
  "model": "sortables.djangotreequeriesnode",
  "pk": 9,
  "fields": {
    "parent": 8,
    "title": "Shoes",
    "position": 8
  }
},
{
  "model": "sortables.djangotreequeriesnode",
  "pk": 10,
  "fields": {
    "parent": 8,
    "title": "Sneakers",
    "position": 9
  }
},
{
  "model": "sortables.djangotreequeriesnode",
  "pk": 11,
  "fields": {
    "parent": 7,
    "title": "Shirts",
    "position": 10
  }
},
{
  "model": "sortables.djangotreequeriesnode",
  "pk": 12,
  "fields": {
    "parent": 11,
    "title": "Tank Tops",
    "position": 12
  }
},
{
  "model": "sortables.djangotreequeriesnode",
  "pk": 13,
  "fields": {
    "parent": 11,
    "title": "T-shirts",
    "position": 11
  }
},
{
  "model": "admin.logentry",
  "pk": 1,
  "fields": {
    "action_time": "2023-03-29T05:04:43.906Z",
    "user": [
      "admin"
    ],
    "content_type": [
      "app",
      "widgets"
    ],
    "object_id": "1",
    "object_repr": "#1",
    "action_flag": 2,
    "change_message": "[]"
  }
},
{
  "model": "admin.logentry",
  "pk": 2,
  "fields": {
    "action_time": "2023-03-29T07:14:21.509Z",
    "user": [
      "admin"
    ],
    "content_type": [
      "app",
      "author"
    ],
    "object_id": "6",
    "object_repr": "Clayton M. Christensen",
    "action_flag": 1,
    "change_message": "[{\"added\": {}}]"
  }
},
{
  "model": "admin.logentry",
  "pk": 3,
  "fields": {
    "action_time": "2023-03-29T07:14:28.023Z",
    "user": [
      "admin"
    ],
    "content_type": [
      "app",
      "author"
    ],
    "object_id": "7",
    "object_repr": "Michael E. Raynor",
    "action_flag": 1,
    "change_message": "[{\"added\": {}}]"
  }
},
{
  "model": "admin.logentry",
  "pk": 4,
  "fields": {
    "action_time": "2023-03-29T07:14:35.473Z",
    "user": [
      "admin"
    ],
    "content_type": [
      "app",
      "author"
    ],
    "object_id": "8",
    "object_repr": "Rory McDonald",
    "action_flag": 1,
    "change_message": "[{\"added\": {}}]"
  }
},
{
  "model": "admin.logentry",
  "pk": 5,
  "fields": {
    "action_time": "2023-03-29T07:14:45.938Z",
    "user": [
      "admin"
    ],
    "content_type": [
      "app",
      "book"
    ],
    "object_id": "6",
    "object_repr": "The Innovator's Dilemma",
    "action_flag": 1,
    "change_message": "[{\"added\": {}}, {\"added\": {\"name\": \"Author\", \"object\": \"BookAuthor object (6)\"}}, {\"added\": {\"name\": \"Author\", \"object\": \"BookAuthor object (7)\"}}, {\"added\": {\"name\": \"Author\", \"object\": \"BookAuthor object (8)\"}}, {\"added\": {\"name\": \"review\", \"object\": \"This book is a must-read for anyone interested in innovation and disruption. The authors provide a clear \\r\\nframework for understanding why successful companies often fail to adapt to new technologies and markets, and offer \\r\\npractical advice for how to avoid this fate.\"}}, {\"added\": {\"name\": \"review\", \"object\": \"While the ideas in this book are certainly thought-provoking, I found the writing style to be a bit dry and \\r\\nacademic. It's definitely not a page-turner, but it's worth the effort for the insights it provides.\"}}]"
  }
},
{
  "model": "admin.logentry",
  "pk": 6,
  "fields": {
    "action_time": "2023-03-29T08:58:02.161Z",
    "user": [
      "admin"
    ],
    "content_type": [
      "app",
      "book"
    ],
    "object_id": "6",
    "object_repr": "The Innovator's Dilemma",
    "action_flag": 2,
    "change_message": "[{\"changed\": {\"name\": \"review\", \"object\": \"This book is a must-read for anyone interested in innovation and disruption. The authors provide a clear \\r\\nframework for understanding why successful companies often fail to adapt to new technologies and markets, and offer \\r\\npractical advice for how to avoid this fate.\", \"fields\": [\"Rating\"]}}]"
  }
},
{
  "model": "admin.logentry",
  "pk": 7,
  "fields": {
    "action_time": "2023-03-29T08:58:58.314Z",
    "user": [
      "admin"
    ],
    "content_type": [
      "app",
      "book"
    ],
    "object_id": "6",
    "object_repr": "The Innovator's Dilemma",
    "action_flag": 2,
    "change_message": "[{\"added\": {\"name\": \"review\", \"object\": \"I found The Innovator's Dilemma to be a tedious and unenlightening read. The author's arguments were convoluted and \\r\\nlacked any real substance. The case studies presented were outdated and failed to provide any relevant insights into \\r\\nmodern business practices. Overall, I was thoroughly disappointed with this book and would not recommend it to anyone \\r\\nlooking for practical advice on innovation and disruption.\"}}]"
  }
},
{
  "model": "admin.logentry",
  "pk": 8,
  "fields": {
    "action_time": "2023-03-29T09:03:10.051Z",
    "user": [
      "admin"
    ],
    "content_type": [
      "app",
      "book"
    ],
    "object_id": "6",
    "object_repr": "The Innovator's Dilemma",
    "action_flag": 2,
    "change_message": "[{\"changed\": {\"name\": \"review\", \"object\": \"I found The Innovator's Dilemma to be a tedious and unenlightening read. The author's arguments were convoluted and \\r\\nlacked any real substance. The case studies presented were outdated and failed to provide any relevant insights into \\r\\nmodern business practices. Overall, I was thoroughly disappointed with this book and would not recommend it to anyone \\r\\nlooking for practical advice on innovation and disruption.\", \"fields\": [\"Rating\"]}}]"
  }
},
{
  "model": "admin.logentry",
  "pk": 9,
  "fields": {
    "action_time": "2023-03-29T09:03:14.048Z",
    "user": [
      "admin"
    ],
    "content_type": [
      "app",
      "book"
    ],
    "object_id": "6",
    "object_repr": "The Innovator's Dilemma",
    "action_flag": 2,
    "change_message": "[{\"changed\": {\"name\": \"review\", \"object\": \"I found The Innovator's Dilemma to be a tedious and unenlightening read. The author's arguments were convoluted and \\r\\nlacked any real substance. The case studies presented were outdated and failed to provide any relevant insights into \\r\\nmodern business practices. Overall, I was thoroughly disappointed with this book and would not recommend it to anyone \\r\\nlooking for practical advice on innovation and disruption.\", \"fields\": [\"Rating\"]}}]"
  }
},
{
  "model": "admin.logentry",
  "pk": 10,
  "fields": {
    "action_time": "2023-03-29T09:14:25.774Z",
    "user": [
      "admin"
    ],
    "content_type": [
      "app",
      "book"
    ],
    "object_id": "5",
    "object_repr": "Pride and Prejudice",
    "action_flag": 2,
    "change_message": "[{\"changed\": {\"name\": \"review\", \"object\": \"A timeless love story!\", \"fields\": [\"Rating\"]}}]"
  }
},
{
  "model": "admin.logentry",
  "pk": 11,
  "fields": {
    "action_time": "2023-03-29T09:15:37.534Z",
    "user": [
      "admin"
    ],
    "content_type": [
      "app",
      "book"
    ],
    "object_id": "4",
    "object_repr": "War and Peace",
    "action_flag": 2,
    "change_message": "[{\"added\": {\"name\": \"review\", \"object\": \"I recently read War and Peace by Leo Tolstoy and unfortunately, I was not impressed. While the historical context and \\r\\ncharacters were interesting, the book was far too long and often felt tedious to read. The numerous philosophical \\r\\ntangents and lengthy descriptions of battle scenes made it difficult to stay engaged with the story. Additionally, the \\r\\ncharacters lacked depth and were often one-dimensional. Overall, I would give this book a 2 out of 5. While it may be \\r\\nconsidered a classic, it did not live up to my expectations and I would not recommend it to others.\"}}]"
  }
},
{
  "model": "admin.logentry",
  "pk": 12,
  "fields": {
    "action_time": "2023-03-29T09:16:54.679Z",
    "user": [
      "admin"
    ],
    "content_type": [
      "app",
      "book"
    ],
    "object_id": "3",
    "object_repr": "Murder on the Orient Express",
    "action_flag": 2,
    "change_message": "[{\"changed\": {\"name\": \"review\", \"object\": \"A classic whodunit!\", \"fields\": [\"Rating\"]}}]"
  }
},
{
  "model": "admin.logentry",
  "pk": 13,
  "fields": {
    "action_time": "2023-03-29T09:17:02.405Z",
    "user": [
      "admin"
    ],
    "content_type": [
      "app",
      "book"
    ],
    "object_id": "2",
    "object_repr": "The Shining",
    "action_flag": 2,
    "change_message": "[{\"changed\": {\"name\": \"review\", \"object\": \"Scary but amazing!\", \"fields\": [\"Rating\"]}}]"
  }
},
{
  "model": "admin.logentry",
  "pk": 14,
  "fields": {
    "action_time": "2023-03-29T09:18:34.967Z",
    "user": [
      "admin"
    ],
    "content_type": [
      "app",
      "book"
    ],
    "object_id": "2",
    "object_repr": "The Shining",
    "action_flag": 2,
    "change_message": "[{\"added\": {\"name\": \"review\", \"object\": \"I recently read The Shining by Stephen King and overall, I found it to be a thrilling and suspenseful read.\\u2026\"}}]"
  }
},
{
  "model": "admin.logentry",
  "pk": 15,
  "fields": {
    "action_time": "2023-03-29T09:18:42.782Z",
    "user": [
      "admin"
    ],
    "content_type": [
      "app",
      "book"
    ],
    "object_id": "1",
    "object_repr": "Harry Potter and the Philosopher's Stone",
    "action_flag": 2,
    "change_message": "[{\"changed\": {\"name\": \"review\", \"object\": \"Great book!\", \"fields\": [\"Rating\"]}}]"
  }
},
{
  "model": "admin.logentry",
  "pk": 16,
  "fields": {
    "action_time": "2023-03-29T09:30:33.772Z",
    "user": [
      "admin"
    ],
    "content_type": [
      "app",
      "book"
    ],
    "object_id": "3",
    "object_repr": "Murder on the Orient Express",
    "action_flag": 2,
    "change_message": "[{\"added\": {\"name\": \"review\", \"object\": \"I found Murder on the Orient Express to be a tedious and uninteresting read. The plot was predictable and the\\u2026\"}}]"
  }
}
]
