[
{
  "model": "auth.user",
  "pk": 1,
  "fields": {
    "password": "pbkdf2_sha256$120000$mda4uGGPhJjH$UKevsIwWBc8VdJ72fqjo42RRwywHgd3AUUWjXBjX+mc=",
    "last_login": "2021-05-17T04:46:27.745Z",
    "is_superuser": true,
    "username": "admin",
    "first_name": "",
    "last_name": "",
    "email": "x896321475@gmail.com",
    "is_staff": true,
    "is_active": true,
    "date_joined": "2019-08-27T08:52:00Z",
    "groups": [],
    "user_permissions": []
  }
},
{
  "model": "auth.user",
  "pk": 2,
  "fields": {
    "password": "pbkdf2_sha256$150000$JeXtsrdrLT6w$k4MiSVC7I7PIX8SeI6169JneEq/BT2IapO/F+O4WChQ=",
    "last_login": "2020-03-25T06:39:00Z",
    "is_superuser": false,
    "username": "test",
    "first_name": "",
    "last_name": "",
    "email": "",
    "is_staff": false,
    "is_active": true,
    "date_joined": "2020-03-25T06:37:00Z",
    "groups": [],
    "user_permissions": [
      [
        "add_tag",
        "app",
        "tag"
      ],
      [
        "change_tag",
        "app",
        "tag"
      ],
      [
        "view_tag",
        "app",
        "tag"
      ]
    ]
  }
},
{
  "model": "app.tag",
  "pk": 1,
  "fields": {
    "name": "Family"
  }
},
{
  "model": "app.tag",
  "pk": 3,
  "fields": {
    "name": "Food"
  }
},
{
  "model": "app.tag",
  "pk": 4,
  "fields": {
    "name": "Fun"
  }
},
{
  "model": "app.tag",
  "pk": 5,
  "fields": {
    "name": "Dance"
  }
},
{
  "model": "app.tag",
  "pk": 7,
  "fields": {
    "name": "Red"
  }
},
{
  "model": "app.tag",
  "pk": 8,
  "fields": {
    "name": "Blue"
  }
},
{
  "model": "app.tag",
  "pk": 9,
  "fields": {
    "name": "Green"
  }
},
{
  "model": "app.tag",
  "pk": 10,
  "fields": {
    "name": "Yellow"
  }
},
{
  "model": "app.tag",
  "pk": 11,
  "fields": {
    "name": "Fish"
  }
},
{
  "model": "app.tag",
  "pk": 12,
  "fields": {
    "name": "Bear"
  }
},
{
  "model": "app.tag",
  "pk": 13,
  "fields": {
    "name": "Panda"
  }
},
{
  "model": "app.tag",
  "pk": 14,
  "fields": {
    "name": "Human"
  }
},
{
  "model": "app.tag",
  "pk": 16,
  "fields": {
    "name": "Purple"
  }
},
{
  "model": "app.tag",
  "pk": 17,
  "fields": {
    "name": "AC/DC"
  }
},
{
  "model": "app.tag",
  "pk": 18,
  "fields": {
    "name": "Scorpions"
  }
},
{
  "model": "app.tag",
  "pk": 19,
  "fields": {
    "name": "ABBA"
  }
},
{
  "model": "app.tag",
  "pk": 20,
  "fields": {
    "name": "Beatles"
  }
},
{
  "model": "app.tag",
  "pk": 21,
  "fields": {
    "name": "Judas Priest"
  }
},
{
  "model": "app.tag",
  "pk": 22,
  "fields": {
    "name": "Metallica"
  }
},
{
  "model": "app.tag",
  "pk": 23,
  "fields": {
    "name": "Linkin Park"
  }
},
{
  "model": "app.tag",
  "pk": 24,
  "fields": {
    "name": "Eminem"
  }
},
{
  "model": "app.tag",
  "pk": 25,
  "fields": {
    "name": "Nirvana"
  }
},
{
  "model": "app.tag",
  "pk": 26,
  "fields": {
    "name": "Hotel"
  }
},
{
  "model": "app.tag",
  "pk": 27,
  "fields": {
    "name": "Village"
  }
},
{
  "model": "app.tag",
  "pk": 28,
  "fields": {
    "name": "New York"
  }
},
{
  "model": "app.tag",
  "pk": 29,
  "fields": {
    "name": "California"
  }
},
{
  "model": "app.tag",
  "pk": 30,
  "fields": {
    "name": "War"
  }
},
{
  "model": "app.tag",
  "pk": 31,
  "fields": {
    "name": "Town"
  }
},
{
  "model": "app.tag",
  "pk": 32,
  "fields": {
    "name": "Velvet"
  }
},
{
  "model": "app.category",
  "pk": 1,
  "fields": {
    "f_fk": 5,
    "f_o2o": null,
    "f_fk1": 4,
    "f_fk2": 1,
    "f_fk3": 4,
    "f_bool": true,
    "f_bool2": true,
    "f_nullbool": null,
    "f_small_int": 9,
    "f_int_choices": 1,
    "f_int_choices2": 1,
    "f_int": 0,
    "f_bigint": 0,
    "f_float": 0.0,
    "f_decimal": "0.00",
    "f_duration": null,
    "f_date": "2021-04-21",
    "f_date2": "2021-01-01",
    "f_time": "11:50:00",
    "f_datetime": "2021-05-21T11:50:00Z",
    "f_hidden1": "",
    "f_hidden2": "",
    "f_hidden3": "",
    "f_char": "MongoDB",
    "f_slug": "mongodb-0",
    "f_email": "",
    "f_pass": "",
    "f_ip": null,
    "f_text": "",
    "f_url": "",
    "f_uuid": null,
    "f_filepath": "",
    "f_file": "",
    "f_image": "",
    "f_char_ro": "",
    "f_int_ro": 0,
    "f_text_ro": "",
    "dal_fk": 9,
    "order": 2,
    "f_tags": [
      3
    ],
    "f_tags1": [],
    "f_tags2": [
      1,
      3
    ],
    "f_tags3": [
      3,
      4
    ],
    "f_tags4": [
      5,
      3
    ],
    "f_tags5": [
      3
    ],
    "dal_m2m": [
      3,
      9
    ]
  }
},
{
  "model": "app.category",
  "pk": 2,
  "fields": {
    "f_fk": 1,
    "f_o2o": null,
    "f_fk1": null,
    "f_fk2": null,
    "f_fk3": null,
    "f_bool": false,
    "f_bool2": true,
    "f_nullbool": null,
    "f_small_int": 0,
    "f_int_choices": 1,
    "f_int_choices2": 1,
    "f_int": 0,
    "f_bigint": 0,
    "f_float": 0.0,
    "f_decimal": "0.00",
    "f_duration": null,
    "f_date": "2021-05-21",
    "f_date2": "2021-01-01",
    "f_time": "11:51:00",
    "f_datetime": "2021-05-21T11:51:00Z",
    "f_hidden1": "",
    "f_hidden2": "",
    "f_hidden3": "",
    "f_char": "Excel",
    "f_slug": "excel-0",
    "f_email": "",
    "f_pass": "",
    "f_ip": null,
    "f_text": "",
    "f_url": "",
    "f_uuid": null,
    "f_filepath": "",
    "f_file": "",
    "f_image": "",
    "f_char_ro": "",
    "f_int_ro": 0,
    "f_text_ro": "",
    "dal_fk": null,
    "order": 3,
    "f_tags": [
      3
    ],
    "f_tags1": [],
    "f_tags2": [
      4
    ],
    "f_tags3": [
      3,
      4
    ],
    "f_tags4": [
      3
    ],
    "f_tags5": [
      5,
      4
    ],
    "dal_m2m": [
      29,
      25
    ]
  }
},
{
  "model": "app.category",
  "pk": 3,
  "fields": {
    "f_fk": 12,
    "f_o2o": 1,
    "f_fk1": 9,
    "f_fk2": 5,
    "f_fk3": 3,
    "f_bool": true,
    "f_bool2": true,
    "f_nullbool": null,
    "f_small_int": 1237,
    "f_int_choices": 3,
    "f_int_choices2": 4,
    "f_int": 3897,
    "f_bigint": 124564564,
    "f_float": 14.5,
    "f_decimal": "5.50",
    "f_duration": "00:03:20",
    "f_date": "2020-09-15",
    "f_date2": "2022-03-18",
    "f_time": "10:10:00",
    "f_datetime": "2020-09-09T15:30:00Z",
    "f_hidden1": "",
    "f_hidden2": "",
    "f_hidden3": "",
    "f_char": "Redis",
    "f_slug": "redis-0",
    "f_email": "mail@box.com",
    "f_pass": "",
    "f_ip": "127.0.0.1",
    "f_text": "At vero eos et accusam et justo duo dolores et ea rebum. Stet clita kasd gubergren, no sea takimata sanctus est Lorem ipsum dolor sit amet. Lorem ipsum dolor sit amet, consetetur sadipscing elitr, sed diam nonumy eirmod tempor invidunt ut labore et dolore magna aliquyam erat, sed diam voluptua. At vero eos et accusam et justo duo dolores et ea rebum. Stet clita kasd gubergren, no sea takimata sanctus est Lorem ipsum dolor sit amet. Lorem ipsum dolor sit amet, consetetur sadipscing elitr",
    "f_url": "https://www.uuidgenerator.net/",
    "f_uuid": "bbe94b62-9e84-4667-829c-80d5cc6fcfba",
    "f_filepath": "/home/jon/Python/www/paper-admin/tests/app/admin.py",
    "f_file": "category/submit_VTI1oAi.py",
    "f_image": "category/700x487.jpg",
    "f_char_ro": "",
    "f_int_ro": 0,
    "f_text_ro": "Readonly content",
    "dal_fk": 31,
    "order": 4,
    "f_tags": [
      8,
      1,
      7
    ],
    "f_tags1": [
      8,
      5,
      9,
      7
    ],
    "f_tags2": [
      8,
      5,
      24
    ],
    "f_tags3": [
      1,
      3
    ],
    "f_tags4": [
      1,
      4,
      7
    ],
    "f_tags5": [
      5,
      4
    ],
    "dal_m2m": [
      5,
      4
    ]
  }
},
{
  "model": "app.category",
  "pk": 4,
  "fields": {
    "f_fk": 5,
    "f_o2o": null,
    "f_fk1": null,
    "f_fk2": null,
    "f_fk3": null,
    "f_bool": true,
    "f_bool2": true,
    "f_nullbool": null,
    "f_small_int": 0,
    "f_int_choices": 1,
    "f_int_choices2": 1,
    "f_int": 0,
    "f_bigint": 0,
    "f_float": 0.0,
    "f_decimal": "0.00",
    "f_duration": null,
    "f_date": "2021-05-21",
    "f_date2": "2021-01-01",
    "f_time": "11:49:00",
    "f_datetime": "2021-05-21T11:49:00Z",
    "f_hidden1": "",
    "f_hidden2": "",
    "f_hidden3": "",
    "f_char": "PostgreSQL",
    "f_slug": "valve-0",
    "f_email": "",
    "f_pass": "",
    "f_ip": null,
    "f_text": "",
    "f_url": "",
    "f_uuid": null,
    "f_filepath": "",
    "f_file": "",
    "f_image": "",
    "f_char_ro": "",
    "f_int_ro": 0,
    "f_text_ro": "",
    "dal_fk": null,
    "order": 1,
    "f_tags": [
      1
    ],
    "f_tags1": [],
    "f_tags2": [
      9
    ],
    "f_tags3": [
      1
    ],
    "f_tags4": [
      7
    ],
    "f_tags5": [
      4
    ],
    "dal_m2m": [
      20
    ]
  }
},
{
  "model": "app.category",
  "pk": 5,
  "fields": {
    "f_fk": 32,
    "f_o2o": null,
    "f_fk1": null,
    "f_fk2": null,
    "f_fk3": null,
    "f_bool": false,
    "f_bool2": true,
    "f_nullbool": null,
    "f_small_int": 0,
    "f_int_choices": 1,
    "f_int_choices2": 1,
    "f_int": 0,
    "f_bigint": 0,
    "f_float": 0.0,
    "f_decimal": "0.00",
    "f_duration": null,
    "f_date": "2021-05-21",
    "f_date2": "2021-01-01",
    "f_time": "11:53:00",
    "f_datetime": "2021-05-21T11:53:00Z",
    "f_hidden1": "",
    "f_hidden2": "",
    "f_hidden3": "",
    "f_char": "MySQL",
    "f_slug": "mysql-0",
    "f_email": "",
    "f_pass": "",
    "f_ip": null,
    "f_text": "",
    "f_url": "",
    "f_uuid": null,
    "f_filepath": "",
    "f_file": "",
    "f_image": "",
    "f_char_ro": "",
    "f_int_ro": 0,
    "f_text_ro": "",
    "dal_fk": null,
    "order": 5,
    "f_tags": [
      31,
      10
    ],
    "f_tags1": [],
    "f_tags2": [
      26
    ],
    "f_tags3": [
      29,
      9
    ],
    "f_tags4": [
      12,
      23
    ],
    "f_tags5": [
      21
    ],
    "dal_m2m": [
      8
    ]
  }
},
{
  "model": "app.item",
  "pk": 1,
  "fields": {
    "category": 1,
    "hidden": 1,
    "readonly": "Do not edit me",
    "name": "Billy",
    "age": 18,
    "slug": "billy",
    "url": "",
    "text": "",
    "visible": true,
    "created_at": null,
    "order": 0
  }
},
{
  "model": "app.item",
  "pk": 2,
  "fields": {
    "category": 1,
    "hidden": 1,
    "readonly": "Do not edit me",
    "name": "Jonny",
    "age": 18,
    "slug": "jonny",
    "url": "",
    "text": "",
    "visible": true,
    "created_at": null,
    "order": 1
  }
},
{
  "model": "app.item",
  "pk": 3,
  "fields": {
    "category": 2,
    "hidden": 1,
    "readonly": "Do not edit me",
    "name": "one",
    "age": 18,
    "slug": "one",
    "url": "",
    "text": "",
    "visible": true,
    "created_at": null,
    "order": 0
  }
},
{
  "model": "app.item",
  "pk": 4,
  "fields": {
    "category": 3,
    "hidden": 1,
    "readonly": "Do not edit me",
    "name": "Sunny",
    "age": 18,
    "slug": "sunny",
    "url": "",
    "text": "",
    "visible": true,
    "created_at": null,
    "order": 0
  }
},
{
  "model": "app.item",
  "pk": 5,
  "fields": {
    "category": 4,
    "hidden": 1,
    "readonly": "Do not edit me",
    "name": "One",
    "age": 18,
    "slug": "one",
    "url": "",
    "text": "",
    "visible": true,
    "created_at": null,
    "order": 0
  }
},
{
  "model": "app.item",
  "pk": 9,
  "fields": {
    "category": 3,
    "hidden": 1,
    "readonly": "Do not edit me",
    "name": "Funny",
    "age": 18,
    "slug": "error",
    "url": "",
    "text": "",
    "visible": true,
    "created_at": null,
    "order": 2
  }
},
{
  "model": "app.item",
  "pk": 10,
  "fields": {
    "category": 3,
    "hidden": 1,
    "readonly": "Do not edit me",
    "name": "Banny",
    "age": 18,
    "slug": "banny",
    "url": "",
    "text": "",
    "visible": true,
    "created_at": null,
    "order": 1
  }
},
{
  "model": "app.item",
  "pk": 11,
  "fields": {
    "category": 5,
    "hidden": 1,
    "readonly": "Do not edit me",
    "name": "Propeller",
    "age": 18,
    "slug": "propeller-18",
    "url": "",
    "text": "",
    "visible": true,
    "created_at": null,
    "order": 0
  }
},
{
  "model": "app.tree",
  "pk": 1,
  "fields": {
    "category": 1,
    "parent": null,
    "name": "Adam",
    "number": 7,
    "order": 2,
    "lft": 1,
    "rght": 2,
    "tree_id": 2,
    "level": 0
  }
},
{
  "model": "app.tree",
  "pk": 2,
  "fields": {
    "category": 1,
    "parent": null,
    "name": "Eve",
    "number": 2,
    "order": 1,
    "lft": 1,
    "rght": 8,
    "tree_id": 1,
    "level": 0
  }
},
{
  "model": "app.tree",
  "pk": 3,
  "fields": {
    "category": 1,
    "parent": 2,
    "name": "Isaak",
    "number": 2,
    "order": 3,
    "lft": 2,
    "rght": 5,
    "tree_id": 1,
    "level": 1
  }
},
{
  "model": "app.tree",
  "pk": 4,
  "fields": {
    "category": 1,
    "parent": 3,
    "name": "Yakov",
    "number": 3,
    "order": 4,
    "lft": 3,
    "rght": 4,
    "tree_id": 1,
    "level": 2
  }
},
{
  "model": "app.tree",
  "pk": 5,
  "fields": {
    "category": 1,
    "parent": 2,
    "name": "Ilia",
    "number": 54,
    "order": 5,
    "lft": 6,
    "rght": 7,
    "tree_id": 1,
    "level": 1
  }
},
{
  "model": "app.sigletonexample",
  "pk": 1,
  "fields": {
    "title": "Test"
  }
}
]
