[
{
  "model": "admin.logentry",
  "pk": 1,
  "fields": {
    "action_time": "2019-08-27T10:45:45.375Z",
    "user": 1,
    "content_type": 7,
    "object_id": "1",
    "object_repr": "Family",
    "action_flag": 1,
    "change_message": "[{\"added\": {}}]"
  }
},
{
  "model": "admin.logentry",
  "pk": 2,
  "fields": {
    "action_time": "2019-08-27T10:45:49.350Z",
    "user": 1,
    "content_type": 7,
    "object_id": "2",
    "object_repr": "Work",
    "action_flag": 1,
    "change_message": "[{\"added\": {}}]"
  }
},
{
  "model": "admin.logentry",
  "pk": 3,
  "fields": {
    "action_time": "2019-08-27T10:45:53.112Z",
    "user": 1,
    "content_type": 7,
    "object_id": "3",
    "object_repr": "Food",
    "action_flag": 1,
    "change_message": "[{\"added\": {}}]"
  }
},
{
  "model": "admin.logentry",
  "pk": 4,
  "fields": {
    "action_time": "2019-08-27T10:46:03.715Z",
    "user": 1,
    "content_type": 7,
    "object_id": "4",
    "object_repr": "Fun",
    "action_flag": 1,
    "change_message": "[{\"added\": {}}]"
  }
},
{
  "model": "admin.logentry",
  "pk": 5,
  "fields": {
    "action_time": "2019-08-27T10:46:13.504Z",
    "user": 1,
    "content_type": 7,
    "object_id": "5",
    "object_repr": "Dance",
    "action_flag": 1,
    "change_message": "[{\"added\": {}}]"
  }
},
{
  "model": "admin.logentry",
  "pk": 6,
  "fields": {
    "action_time": "2019-08-27T10:51:26.344Z",
    "user": 1,
    "content_type": 7,
    "object_id": "6",
    "object_repr": "People",
    "action_flag": 1,
    "change_message": "[{\"added\": {}}]"
  }
},
{
  "model": "admin.logentry",
  "pk": 7,
  "fields": {
    "action_time": "2019-08-27T10:56:55.527Z",
    "user": 1,
    "content_type": 8,
    "object_id": "1",
    "object_repr": "Gold",
    "action_flag": 1,
    "change_message": "[{\"added\": {}}, {\"added\": {\"name\": \"item\", \"object\": \"Billy\"}}, {\"added\": {\"name\": \"item\", \"object\": \"Jonny\"}}]"
  }
},
{
  "model": "admin.logentry",
  "pk": 8,
  "fields": {
    "action_time": "2019-08-27T12:52:35.393Z",
    "user": 1,
    "content_type": 10,
    "object_id": "1",
    "object_repr": "Adam",
    "action_flag": 1,
    "change_message": "[{\"added\": {}}]"
  }
},
{
  "model": "admin.logentry",
  "pk": 9,
  "fields": {
    "action_time": "2019-08-27T12:52:42.631Z",
    "user": 1,
    "content_type": 10,
    "object_id": "2",
    "object_repr": "Eve",
    "action_flag": 1,
    "change_message": "[{\"added\": {}}]"
  }
},
{
  "model": "admin.logentry",
  "pk": 10,
  "fields": {
    "action_time": "2019-08-27T12:53:03.660Z",
    "user": 1,
    "content_type": 10,
    "object_id": "3",
    "object_repr": "Isaak",
    "action_flag": 1,
    "change_message": "[{\"added\": {}}]"
  }
},
{
  "model": "admin.logentry",
  "pk": 11,
  "fields": {
    "action_time": "2019-08-27T12:53:13.963Z",
    "user": 1,
    "content_type": 10,
    "object_id": "4",
    "object_repr": "Yakov",
    "action_flag": 1,
    "change_message": "[{\"added\": {}}]"
  }
},
{
  "model": "admin.logentry",
  "pk": 12,
  "fields": {
    "action_time": "2019-08-27T12:53:28.734Z",
    "user": 1,
    "content_type": 10,
    "object_id": "5",
    "object_repr": "Ilia",
    "action_flag": 1,
    "change_message": "[{\"added\": {}}]"
  }
},
{
  "model": "admin.logentry",
  "pk": 13,
  "fields": {
    "action_time": "2019-10-01T06:35:20.865Z",
    "user": 1,
    "content_type": 4,
    "object_id": "1",
    "object_repr": "admin",
    "action_flag": 2,
    "change_message": "[{\"changed\": {\"fields\": [\"username\", \"last_login\", \"date_joined\"]}}]"
  }
},
{
  "model": "admin.logentry",
  "pk": 14,
  "fields": {
    "action_time": "2019-10-01T06:35:26.257Z",
    "user": 1,
    "content_type": 4,
    "object_id": "1",
    "object_repr": "admin",
    "action_flag": 2,
    "change_message": "[{\"changed\": {\"fields\": [\"password\"]}}]"
  }
},
{
  "model": "admin.logentry",
  "pk": 15,
  "fields": {
    "action_time": "2020-03-20T13:30:28.880Z",
    "user": 1,
    "content_type": 8,
    "object_id": "1",
    "object_repr": "Gold",
    "action_flag": 2,
    "change_message": "[{\"changed\": {\"fields\": [\"f_slug\"]}}]"
  }
},
{
  "model": "admin.logentry",
  "pk": 16,
  "fields": {
    "action_time": "2020-03-20T13:32:51.043Z",
    "user": 1,
    "content_type": 8,
    "object_id": "2",
    "object_repr": "Milk",
    "action_flag": 1,
    "change_message": "[{\"added\": {}}, {\"added\": {\"name\": \"item\", \"object\": \"one\"}}]"
  }
},
{
  "model": "admin.logentry",
  "pk": 17,
  "fields": {
    "action_time": "2020-03-20T13:33:49.135Z",
    "user": 1,
    "content_type": 8,
    "object_id": "3",
    "object_repr": "Redis",
    "action_flag": 1,
    "change_message": "[{\"added\": {}}, {\"added\": {\"name\": \"item\", \"object\": \"Sunny\"}}]"
  }
},
{
  "model": "admin.logentry",
  "pk": 18,
  "fields": {
    "action_time": "2020-03-23T06:15:07.839Z",
    "user": 1,
    "content_type": 8,
    "object_id": "4",
    "object_repr": "Valve",
    "action_flag": 1,
    "change_message": "[{\"added\": {}}, {\"added\": {\"name\": \"item\", \"object\": \"One\"}}]"
  }
},
{
  "model": "admin.logentry",
  "pk": 19,
  "fields": {
    "action_time": "2020-03-23T13:18:19.009Z",
    "user": 1,
    "content_type": 8,
    "object_id": "3",
    "object_repr": "Redis",
    "action_flag": 2,
    "change_message": "[]"
  }
},
{
  "model": "admin.logentry",
  "pk": 20,
  "fields": {
    "action_time": "2020-03-24T10:58:52.272Z",
    "user": 1,
    "content_type": 7,
    "object_id": "5",
    "object_repr": "Dance",
    "action_flag": 2,
    "change_message": "[]"
  }
},
{
  "model": "admin.logentry",
  "pk": 21,
  "fields": {
    "action_time": "2020-03-24T11:02:01.389Z",
    "user": 1,
    "content_type": 7,
    "object_id": "5",
    "object_repr": "Dance",
    "action_flag": 2,
    "change_message": "[]"
  }
},
{
  "model": "admin.logentry",
  "pk": 22,
  "fields": {
    "action_time": "2020-03-24T11:02:02.825Z",
    "user": 1,
    "content_type": 7,
    "object_id": "5",
    "object_repr": "Dance",
    "action_flag": 2,
    "change_message": "[]"
  }
},
{
  "model": "admin.logentry",
  "pk": 23,
  "fields": {
    "action_time": "2020-03-24T11:02:44.539Z",
    "user": 1,
    "content_type": 7,
    "object_id": "2",
    "object_repr": "Work",
    "action_flag": 3,
    "change_message": ""
  }
},
{
  "model": "admin.logentry",
  "pk": 24,
  "fields": {
    "action_time": "2020-03-24T11:02:53.374Z",
    "user": 1,
    "content_type": 7,
    "object_id": "6",
    "object_repr": "People",
    "action_flag": 3,
    "change_message": ""
  }
},
{
  "model": "admin.logentry",
  "pk": 25,
  "fields": {
    "action_time": "2020-03-24T12:19:15.257Z",
    "user": 1,
    "content_type": 7,
    "object_id": "7",
    "object_repr": "Red",
    "action_flag": 1,
    "change_message": "[{\"added\": {}}]"
  }
},
{
  "model": "admin.logentry",
  "pk": 26,
  "fields": {
    "action_time": "2020-03-24T12:19:18.681Z",
    "user": 1,
    "content_type": 7,
    "object_id": "8",
    "object_repr": "Blue",
    "action_flag": 1,
    "change_message": "[{\"added\": {}}]"
  }
},
{
  "model": "admin.logentry",
  "pk": 27,
  "fields": {
    "action_time": "2020-03-24T12:19:21.969Z",
    "user": 1,
    "content_type": 7,
    "object_id": "9",
    "object_repr": "Green",
    "action_flag": 1,
    "change_message": "[{\"added\": {}}]"
  }
},
{
  "model": "admin.logentry",
  "pk": 28,
  "fields": {
    "action_time": "2020-03-25T06:37:46.260Z",
    "user": 1,
    "content_type": 4,
    "object_id": "2",
    "object_repr": "test",
    "action_flag": 1,
    "change_message": "[{\"added\": {}}]"
  }
},
{
  "model": "admin.logentry",
  "pk": 29,
  "fields": {
    "action_time": "2020-03-25T06:37:58.669Z",
    "user": 1,
    "content_type": 4,
    "object_id": "2",
    "object_repr": "test",
    "action_flag": 2,
    "change_message": "[{\"changed\": {\"fields\": [\"is_staff\", \"user_permissions\", \"date_joined\"]}}]"
  }
},
{
  "model": "admin.logentry",
  "pk": 30,
  "fields": {
    "action_time": "2020-03-25T12:01:32.348Z",
    "user": 1,
    "content_type": 7,
    "object_id": "34",
    "object_repr": "DelMe",
    "action_flag": 3,
    "change_message": ""
  }
},
{
  "model": "admin.logentry",
  "pk": 31,
  "fields": {
    "action_time": "2020-03-25T12:01:32.421Z",
    "user": 1,
    "content_type": 7,
    "object_id": "33",
    "object_repr": "DelMe",
    "action_flag": 3,
    "change_message": ""
  }
},
{
  "model": "admin.logentry",
  "pk": 32,
  "fields": {
    "action_time": "2020-03-25T12:01:32.479Z",
    "user": 1,
    "content_type": 7,
    "object_id": "32",
    "object_repr": "DelMe",
    "action_flag": 3,
    "change_message": ""
  }
},
{
  "model": "admin.logentry",
  "pk": 33,
  "fields": {
    "action_time": "2020-03-25T12:01:32.546Z",
    "user": 1,
    "content_type": 7,
    "object_id": "31",
    "object_repr": "DelMe",
    "action_flag": 3,
    "change_message": ""
  }
},
{
  "model": "admin.logentry",
  "pk": 34,
  "fields": {
    "action_time": "2020-03-25T12:01:32.613Z",
    "user": 1,
    "content_type": 7,
    "object_id": "30",
    "object_repr": "DelMe",
    "action_flag": 3,
    "change_message": ""
  }
},
{
  "model": "admin.logentry",
  "pk": 35,
  "fields": {
    "action_time": "2020-03-25T12:01:32.679Z",
    "user": 1,
    "content_type": 7,
    "object_id": "29",
    "object_repr": "DelMe",
    "action_flag": 3,
    "change_message": ""
  }
},
{
  "model": "admin.logentry",
  "pk": 36,
  "fields": {
    "action_time": "2020-03-25T12:01:32.746Z",
    "user": 1,
    "content_type": 7,
    "object_id": "28",
    "object_repr": "DelMe",
    "action_flag": 3,
    "change_message": ""
  }
},
{
  "model": "admin.logentry",
  "pk": 37,
  "fields": {
    "action_time": "2020-03-25T12:01:32.813Z",
    "user": 1,
    "content_type": 7,
    "object_id": "27",
    "object_repr": "DelMe",
    "action_flag": 3,
    "change_message": ""
  }
},
{
  "model": "admin.logentry",
  "pk": 38,
  "fields": {
    "action_time": "2020-03-25T12:01:32.871Z",
    "user": 1,
    "content_type": 7,
    "object_id": "26",
    "object_repr": "DelMe",
    "action_flag": 3,
    "change_message": ""
  }
},
{
  "model": "admin.logentry",
  "pk": 39,
  "fields": {
    "action_time": "2020-03-25T12:01:32.937Z",
    "user": 1,
    "content_type": 7,
    "object_id": "25",
    "object_repr": "DelMe",
    "action_flag": 3,
    "change_message": ""
  }
},
{
  "model": "admin.logentry",
  "pk": 40,
  "fields": {
    "action_time": "2020-03-25T12:01:33.004Z",
    "user": 1,
    "content_type": 7,
    "object_id": "24",
    "object_repr": "DelMe",
    "action_flag": 3,
    "change_message": ""
  }
},
{
  "model": "admin.logentry",
  "pk": 41,
  "fields": {
    "action_time": "2020-03-25T12:01:33.070Z",
    "user": 1,
    "content_type": 7,
    "object_id": "23",
    "object_repr": "DelMe",
    "action_flag": 3,
    "change_message": ""
  }
},
{
  "model": "admin.logentry",
  "pk": 42,
  "fields": {
    "action_time": "2020-03-25T12:01:33.138Z",
    "user": 1,
    "content_type": 7,
    "object_id": "22",
    "object_repr": "DelMe",
    "action_flag": 3,
    "change_message": ""
  }
},
{
  "model": "admin.logentry",
  "pk": 43,
  "fields": {
    "action_time": "2020-03-25T12:01:33.196Z",
    "user": 1,
    "content_type": 7,
    "object_id": "21",
    "object_repr": "DelMe",
    "action_flag": 3,
    "change_message": ""
  }
},
{
  "model": "admin.logentry",
  "pk": 44,
  "fields": {
    "action_time": "2020-03-25T12:01:33.254Z",
    "user": 1,
    "content_type": 7,
    "object_id": "20",
    "object_repr": "DelMe",
    "action_flag": 3,
    "change_message": ""
  }
},
{
  "model": "admin.logentry",
  "pk": 45,
  "fields": {
    "action_time": "2020-03-25T12:01:33.313Z",
    "user": 1,
    "content_type": 7,
    "object_id": "19",
    "object_repr": "DelMe",
    "action_flag": 3,
    "change_message": ""
  }
},
{
  "model": "admin.logentry",
  "pk": 46,
  "fields": {
    "action_time": "2020-03-25T12:01:33.371Z",
    "user": 1,
    "content_type": 7,
    "object_id": "18",
    "object_repr": "DelMe",
    "action_flag": 3,
    "change_message": ""
  }
},
{
  "model": "admin.logentry",
  "pk": 47,
  "fields": {
    "action_time": "2020-03-25T12:01:33.445Z",
    "user": 1,
    "content_type": 7,
    "object_id": "17",
    "object_repr": "DelMe",
    "action_flag": 3,
    "change_message": ""
  }
},
{
  "model": "admin.logentry",
  "pk": 48,
  "fields": {
    "action_time": "2020-03-25T12:01:33.504Z",
    "user": 1,
    "content_type": 7,
    "object_id": "16",
    "object_repr": "DelMe",
    "action_flag": 3,
    "change_message": ""
  }
},
{
  "model": "admin.logentry",
  "pk": 49,
  "fields": {
    "action_time": "2020-03-25T12:01:33.587Z",
    "user": 1,
    "content_type": 7,
    "object_id": "15",
    "object_repr": "DelMe",
    "action_flag": 3,
    "change_message": ""
  }
},
{
  "model": "admin.logentry",
  "pk": 50,
  "fields": {
    "action_time": "2020-03-25T12:01:33.654Z",
    "user": 1,
    "content_type": 7,
    "object_id": "14",
    "object_repr": "DelMe",
    "action_flag": 3,
    "change_message": ""
  }
},
{
  "model": "admin.logentry",
  "pk": 51,
  "fields": {
    "action_time": "2020-03-25T12:01:33.712Z",
    "user": 1,
    "content_type": 7,
    "object_id": "13",
    "object_repr": "DelMe",
    "action_flag": 3,
    "change_message": ""
  }
},
{
  "model": "admin.logentry",
  "pk": 52,
  "fields": {
    "action_time": "2020-03-25T12:01:33.779Z",
    "user": 1,
    "content_type": 7,
    "object_id": "12",
    "object_repr": "DelMe",
    "action_flag": 3,
    "change_message": ""
  }
},
{
  "model": "admin.logentry",
  "pk": 53,
  "fields": {
    "action_time": "2020-03-25T12:01:33.846Z",
    "user": 1,
    "content_type": 7,
    "object_id": "11",
    "object_repr": "DelMe",
    "action_flag": 3,
    "change_message": ""
  }
},
{
  "model": "admin.logentry",
  "pk": 54,
  "fields": {
    "action_time": "2020-03-25T12:01:33.936Z",
    "user": 1,
    "content_type": 7,
    "object_id": "10",
    "object_repr": "DelMe",
    "action_flag": 3,
    "change_message": ""
  }
},
{
  "model": "admin.logentry",
  "pk": 55,
  "fields": {
    "action_time": "2020-03-26T08:43:21.897Z",
    "user": 1,
    "content_type": 8,
    "object_id": "4",
    "object_repr": "Valve",
    "action_flag": 2,
    "change_message": "[{\"changed\": {\"fields\": [\"f_fk\", \"f_tags\", \"f_tags2\", \"f_tags3\", \"f_tags4\", \"f_tags5\", \"f_bool\"]}}]"
  }
},
{
  "model": "admin.logentry",
  "pk": 56,
  "fields": {
    "action_time": "2020-03-26T08:43:34.780Z",
    "user": 1,
    "content_type": 8,
    "object_id": "2",
    "object_repr": "Milk",
    "action_flag": 2,
    "change_message": "[{\"changed\": {\"fields\": [\"f_tags5\"]}}]"
  }
},
{
  "model": "admin.logentry",
  "pk": 57,
  "fields": {
    "action_time": "2020-03-26T08:43:38.971Z",
    "user": 1,
    "content_type": 8,
    "object_id": "1",
    "object_repr": "Gold",
    "action_flag": 2,
    "change_message": "[]"
  }
},
{
  "model": "admin.logentry",
  "pk": 58,
  "fields": {
    "action_time": "2020-03-26T08:43:57.078Z",
    "user": 1,
    "content_type": 8,
    "object_id": "3",
    "object_repr": "Redis",
    "action_flag": 2,
    "change_message": "[{\"changed\": {\"fields\": [\"f_tags\", \"f_tags2\", \"f_tags3\", \"f_tags4\", \"f_tags5\"]}}]"
  }
},
{
  "model": "admin.logentry",
  "pk": 59,
  "fields": {
    "action_time": "2020-09-15T12:37:09.148Z",
    "user": 1,
    "content_type": 11,
    "object_id": "1",
    "object_repr": "Test",
    "action_flag": 2,
    "change_message": "[{\"changed\": {\"fields\": [\"Title\"]}}]"
  }
},
{
  "model": "admin.logentry",
  "pk": 60,
  "fields": {
    "action_time": "2020-09-17T14:31:47.400Z",
    "user": 1,
    "content_type": 8,
    "object_id": "3",
    "object_repr": "Redis",
    "action_flag": 2,
    "change_message": "[{\"changed\": {\"fields\": [\"Bool\"]}}]"
  }
},
{
  "model": "admin.logentry",
  "pk": 61,
  "fields": {
    "action_time": "2020-09-17T14:31:47.614Z",
    "user": 1,
    "content_type": 8,
    "object_id": "1",
    "object_repr": "Gold",
    "action_flag": 2,
    "change_message": "[{\"changed\": {\"fields\": [\"Bool\"]}}]"
  }
},
{
  "model": "admin.logentry",
  "pk": 62,
  "fields": {
    "action_time": "2020-09-21T07:13:06.945Z",
    "user": 1,
    "content_type": 8,
    "object_id": "3",
    "object_repr": "Redis",
    "action_flag": 2,
    "change_message": "[{\"changed\": {\"fields\": [\"Date\"]}}]"
  }
},
{
  "model": "admin.logentry",
  "pk": 63,
  "fields": {
    "action_time": "2020-09-21T08:07:19.163Z",
    "user": 1,
    "content_type": 8,
    "object_id": "3",
    "object_repr": "Redis",
    "action_flag": 2,
    "change_message": "[{\"changed\": {\"fields\": [\"Datetime\"]}}]"
  }
},
{
  "model": "admin.logentry",
  "pk": 64,
  "fields": {
    "action_time": "2020-09-21T08:07:25.800Z",
    "user": 1,
    "content_type": 8,
    "object_id": "3",
    "object_repr": "Redis",
    "action_flag": 2,
    "change_message": "[{\"changed\": {\"fields\": [\"Date selects\"]}}]"
  }
},
{
  "model": "admin.logentry",
  "pk": 65,
  "fields": {
    "action_time": "2020-09-21T08:07:32.539Z",
    "user": 1,
    "content_type": 8,
    "object_id": "3",
    "object_repr": "Redis",
    "action_flag": 2,
    "change_message": "[{\"changed\": {\"fields\": [\"Time\"]}}]"
  }
},
{
  "model": "admin.logentry",
  "pk": 66,
  "fields": {
    "action_time": "2020-09-21T08:08:14.443Z",
    "user": 1,
    "content_type": 8,
    "object_id": "3",
    "object_repr": "Redis",
    "action_flag": 2,
    "change_message": "[{\"changed\": {\"fields\": [\"Email\", \"Password\"]}}]"
  }
},
{
  "model": "admin.logentry",
  "pk": 67,
  "fields": {
    "action_time": "2020-09-21T08:08:22.984Z",
    "user": 1,
    "content_type": 8,
    "object_id": "3",
    "object_repr": "Redis",
    "action_flag": 2,
    "change_message": "[]"
  }
},
{
  "model": "admin.logentry",
  "pk": 68,
  "fields": {
    "action_time": "2020-09-21T08:08:38.590Z",
    "user": 1,
    "content_type": 8,
    "object_id": "3",
    "object_repr": "Redis",
    "action_flag": 2,
    "change_message": "[{\"changed\": {\"fields\": [\"Password\", \"IP\"]}}]"
  }
},
{
  "model": "admin.logentry",
  "pk": 69,
  "fields": {
    "action_time": "2020-09-21T08:09:09.400Z",
    "user": 1,
    "content_type": 8,
    "object_id": "3",
    "object_repr": "Redis",
    "action_flag": 2,
    "change_message": "[{\"changed\": {\"fields\": [\"Text\", \"UUID\", \"URL\"]}}]"
  }
},
{
  "model": "admin.logentry",
  "pk": 70,
  "fields": {
    "action_time": "2020-09-21T08:09:50.915Z",
    "user": 1,
    "content_type": 8,
    "object_id": "3",
    "object_repr": "Redis",
    "action_flag": 2,
    "change_message": "[{\"changed\": {\"fields\": [\"Duration\"]}}]"
  }
},
{
  "model": "admin.logentry",
  "pk": 71,
  "fields": {
    "action_time": "2020-09-21T08:10:06.644Z",
    "user": 1,
    "content_type": 8,
    "object_id": "3",
    "object_repr": "Redis",
    "action_flag": 2,
    "change_message": "[{\"changed\": {\"fields\": [\"Float\", \"Decimal\"]}}]"
  }
},
{
  "model": "admin.logentry",
  "pk": 72,
  "fields": {
    "action_time": "2020-09-21T08:10:13.126Z",
    "user": 1,
    "content_type": 8,
    "object_id": "3",
    "object_repr": "Redis",
    "action_flag": 2,
    "change_message": "[{\"changed\": {\"fields\": [\"Int\", \"Bigint\"]}}]"
  }
},
{
  "model": "admin.logentry",
  "pk": 73,
  "fields": {
    "action_time": "2020-09-21T08:10:17.800Z",
    "user": 1,
    "content_type": 8,
    "object_id": "3",
    "object_repr": "Redis",
    "action_flag": 2,
    "change_message": "[{\"changed\": {\"fields\": [\"Small int\"]}}]"
  }
},
{
  "model": "admin.logentry",
  "pk": 74,
  "fields": {
    "action_time": "2020-09-21T08:10:20.565Z",
    "user": 1,
    "content_type": 8,
    "object_id": "3",
    "object_repr": "Redis",
    "action_flag": 2,
    "change_message": "[{\"changed\": {\"fields\": [\"Int choices\"]}}]"
  }
},
{
  "model": "admin.logentry",
  "pk": 75,
  "fields": {
    "action_time": "2020-09-21T08:10:22.692Z",
    "user": 1,
    "content_type": 8,
    "object_id": "3",
    "object_repr": "Redis",
    "action_flag": 2,
    "change_message": "[{\"changed\": {\"fields\": [\"Radio choices\"]}}]"
  }
},
{
  "model": "admin.logentry",
  "pk": 76,
  "fields": {
    "action_time": "2020-09-21T08:11:15.418Z",
    "user": 1,
    "content_type": 8,
    "object_id": "3",
    "object_repr": "Redis",
    "action_flag": 2,
    "change_message": "[{\"changed\": {\"fields\": [\"Bool 2\"]}}]"
  }
},
{
  "model": "admin.logentry",
  "pk": 77,
  "fields": {
    "action_time": "2020-09-21T08:11:40.753Z",
    "user": 1,
    "content_type": 8,
    "object_id": "3",
    "object_repr": "Redis",
    "action_flag": 2,
    "change_message": "[{\"changed\": {\"fields\": [\"One-to-One\", \"FK Autocomplete\"]}}]"
  }
},
{
  "model": "admin.logentry",
  "pk": 78,
  "fields": {
    "action_time": "2020-09-21T08:11:51.059Z",
    "user": 1,
    "content_type": 8,
    "object_id": "3",
    "object_repr": "Redis",
    "action_flag": 2,
    "change_message": "[{\"changed\": {\"fields\": [\"FK Radio\"]}}]"
  }
},
{
  "model": "admin.logentry",
  "pk": 79,
  "fields": {
    "action_time": "2020-09-21T08:11:57.759Z",
    "user": 1,
    "content_type": 8,
    "object_id": "3",
    "object_repr": "Redis",
    "action_flag": 2,
    "change_message": "[{\"changed\": {\"fields\": [\"M2M Checkboxes\"]}}]"
  }
},
{
  "model": "admin.logentry",
  "pk": 80,
  "fields": {
    "action_time": "2020-09-21T08:16:43.844Z",
    "user": 1,
    "content_type": 8,
    "object_id": "3",
    "object_repr": "Redis",
    "action_flag": 2,
    "change_message": "[{\"changed\": {\"fields\": [\"Password\"]}}]"
  }
},
{
  "model": "admin.logentry",
  "pk": 81,
  "fields": {
    "action_time": "2020-09-21T08:24:39.474Z",
    "user": 1,
    "content_type": 8,
    "object_id": "3",
    "object_repr": "Redis",
    "action_flag": 2,
    "change_message": "[{\"changed\": {\"fields\": [\"Password\", \"Filepath\", \"File\"]}}]"
  }
},
{
  "model": "admin.logentry",
  "pk": 82,
  "fields": {
    "action_time": "2020-09-21T08:24:44.047Z",
    "user": 1,
    "content_type": 8,
    "object_id": "3",
    "object_repr": "Redis",
    "action_flag": 2,
    "change_message": "[{\"changed\": {\"fields\": [\"File\"]}}]"
  }
},
{
  "model": "admin.logentry",
  "pk": 83,
  "fields": {
    "action_time": "2020-09-21T08:26:24.166Z",
    "user": 1,
    "content_type": 8,
    "object_id": "3",
    "object_repr": "Redis",
    "action_flag": 2,
    "change_message": "[{\"changed\": {\"fields\": [\"Image\"]}}]"
  }
},
{
  "model": "admin.logentry",
  "pk": 84,
  "fields": {
    "action_time": "2020-09-21T09:45:55.971Z",
    "user": 1,
    "content_type": 4,
    "object_id": "2",
    "object_repr": "test",
    "action_flag": 2,
    "change_message": "[{\"changed\": {\"fields\": [\"Staff status\", \"Last login\"]}}]"
  }
},
{
  "model": "admin.logentry",
  "pk": 85,
  "fields": {
    "action_time": "2020-09-21T13:03:24.988Z",
    "user": 1,
    "content_type": 8,
    "object_id": "3",
    "object_repr": "Redis",
    "action_flag": 2,
    "change_message": "[{\"changed\": {\"fields\": [\"FK Raw ID\"]}}]"
  }
},
{
  "model": "admin.logentry",
  "pk": 86,
  "fields": {
    "action_time": "2020-09-21T13:10:19.329Z",
    "user": 1,
    "content_type": 8,
    "object_id": "3",
    "object_repr": "Redis",
    "action_flag": 2,
    "change_message": "[{\"added\": {\"name\": \"item\", \"object\": \"sfs\"}}]"
  }
},
{
  "model": "admin.logentry",
  "pk": 87,
  "fields": {
    "action_time": "2020-09-21T13:10:23.477Z",
    "user": 1,
    "content_type": 8,
    "object_id": "3",
    "object_repr": "Redis",
    "action_flag": 2,
    "change_message": "[{\"deleted\": {\"name\": \"item\", \"object\": \"sfs\"}}]"
  }
},
{
  "model": "admin.logentry",
  "pk": 88,
  "fields": {
    "action_time": "2021-02-08T13:54:17.199Z",
    "user": 1,
    "content_type": 8,
    "object_id": "3",
    "object_repr": "Redis",
    "action_flag": 2,
    "change_message": "[]"
  }
},
{
  "model": "admin.logentry",
  "pk": 89,
  "fields": {
    "action_time": "2021-02-08T13:56:35.763Z",
    "user": 1,
    "content_type": 8,
    "object_id": "3",
    "object_repr": "Redis",
    "action_flag": 2,
    "change_message": "[]"
  }
},
{
  "model": "admin.logentry",
  "pk": 90,
  "fields": {
    "action_time": "2021-02-08T14:15:55.134Z",
    "user": 1,
    "content_type": 8,
    "object_id": "3",
    "object_repr": "Redis",
    "action_flag": 2,
    "change_message": "[{\"changed\": {\"fields\": [\"JSON\"]}}]"
  }
},
{
  "model": "admin.logentry",
  "pk": 91,
  "fields": {
    "action_time": "2021-02-08T14:16:10.199Z",
    "user": 1,
    "content_type": 8,
    "object_id": "3",
    "object_repr": "Redis",
    "action_flag": 2,
    "change_message": "[{\"changed\": {\"fields\": [\"JSON\"]}}]"
  }
},
{
  "model": "admin.logentry",
  "pk": 92,
  "fields": {
    "action_time": "2021-02-09T08:07:02.974Z",
    "user": 1,
    "content_type": 8,
    "object_id": "3",
    "object_repr": "Redis",
    "action_flag": 2,
    "change_message": "[]"
  }
},
{
  "model": "admin.logentry",
  "pk": 93,
  "fields": {
    "action_time": "2021-02-09T08:07:16.314Z",
    "user": 1,
    "content_type": 8,
    "object_id": "3",
    "object_repr": "Redis",
    "action_flag": 2,
    "change_message": "[{\"added\": {\"name\": \"item\", \"object\": \"Dudle\"}}]"
  }
},
{
  "model": "admin.logentry",
  "pk": 94,
  "fields": {
    "action_time": "2021-02-09T08:07:31.804Z",
    "user": 1,
    "content_type": 8,
    "object_id": "3",
    "object_repr": "Redis",
    "action_flag": 2,
    "change_message": "[{\"added\": {\"name\": \"item\", \"object\": \"Dudle\"}}]"
  }
},
{
  "model": "admin.logentry",
  "pk": 95,
  "fields": {
    "action_time": "2021-02-09T08:07:46.187Z",
    "user": 1,
    "content_type": 8,
    "object_id": "3",
    "object_repr": "Redis",
    "action_flag": 2,
    "change_message": "[{\"deleted\": {\"name\": \"item\", \"object\": \"Dudle\"}}, {\"deleted\": {\"name\": \"item\", \"object\": \"Dudle\"}}, {\"changed\": {\"name\": \"item\", \"object\": \"Dudle\", \"fields\": [\"Order\"]}}]"
  }
},
{
  "model": "admin.logentry",
  "pk": 96,
  "fields": {
    "action_time": "2021-02-09T08:08:02.356Z",
    "user": 1,
    "content_type": 8,
    "object_id": "3",
    "object_repr": "Redis",
    "action_flag": 2,
    "change_message": "[{\"deleted\": {\"name\": \"item\", \"object\": \"Dudle\"}}, {\"changed\": {\"name\": \"item\", \"object\": \"Dudle\", \"fields\": [\"Order\"]}}]"
  }
},
{
  "model": "admin.logentry",
  "pk": 97,
  "fields": {
    "action_time": "2021-02-09T08:08:11.176Z",
    "user": 1,
    "content_type": 8,
    "object_id": "3",
    "object_repr": "Redis",
    "action_flag": 2,
    "change_message": "[{\"deleted\": {\"name\": \"item\", \"object\": \"Dudle\"}}, {\"deleted\": {\"name\": \"item\", \"object\": \"Dudle\"}}]"
  }
},
{
  "model": "admin.logentry",
  "pk": 98,
  "fields": {
    "action_time": "2021-02-09T08:09:58.140Z",
    "user": 1,
    "content_type": 8,
    "object_id": "3",
    "object_repr": "Redis",
    "action_flag": 2,
    "change_message": "[{\"added\": {\"name\": \"item\", \"object\": \"Funny\"}}, {\"added\": {\"name\": \"item\", \"object\": \"Banny\"}}]"
  }
},
{
  "model": "admin.logentry",
  "pk": 99,
  "fields": {
    "action_time": "2021-02-09T08:10:05.916Z",
    "user": 1,
    "content_type": 8,
    "object_id": "3",
    "object_repr": "Redis",
    "action_flag": 2,
    "change_message": "[{\"changed\": {\"name\": \"item\", \"object\": \"Funny\", \"fields\": [\"Order\"]}}, {\"changed\": {\"name\": \"item\", \"object\": \"Banny\", \"fields\": [\"Order\"]}}, {\"changed\": {\"name\": \"item\", \"object\": \"Sunny\", \"fields\": [\"Order\"]}}]"
  }
},
{
  "model": "admin.logentry",
  "pk": 100,
  "fields": {
    "action_time": "2021-02-09T08:10:14.407Z",
    "user": 1,
    "content_type": 8,
    "object_id": "3",
    "object_repr": "Redis",
    "action_flag": 2,
    "change_message": "[{\"changed\": {\"name\": \"item\", \"object\": \"Sunny\", \"fields\": [\"Order\"]}}, {\"changed\": {\"name\": \"item\", \"object\": \"Banny\", \"fields\": [\"Order\"]}}]"
  }
},
{
  "model": "admin.logentry",
  "pk": 101,
  "fields": {
    "action_time": "2021-02-24T08:58:20.330Z",
    "user": 1,
    "content_type": 8,
    "object_id": "3",
    "object_repr": "Redis",
    "action_flag": 2,
    "change_message": "[{\"changed\": {\"fields\": [\"FK\"]}}]"
  }
},
{
  "model": "admin.logentry",
  "pk": 102,
  "fields": {
    "action_time": "2021-02-24T09:04:34.147Z",
    "user": 1,
    "content_type": 8,
    "object_id": "3",
    "object_repr": "Redis",
    "action_flag": 2,
    "change_message": "[{\"changed\": {\"fields\": [\"M2M\"]}}]"
  }
},
{
  "model": "admin.logentry",
  "pk": 103,
  "fields": {
    "action_time": "2021-02-24T09:26:44.391Z",
    "user": 1,
    "content_type": 8,
    "object_id": "1",
    "object_repr": "Gold",
    "action_flag": 2,
    "change_message": "[{\"changed\": {\"fields\": [\"FK\", \"M2M\"]}}]"
  }
},
{
  "model": "admin.logentry",
  "pk": 104,
  "fields": {
    "action_time": "2021-04-05T05:28:28.019Z",
    "user": 1,
    "content_type": 7,
    "object_id": "10",
    "object_repr": "Yellow",
    "action_flag": 1,
    "change_message": "[{\"added\": {}}]"
  }
},
{
  "model": "admin.logentry",
  "pk": 105,
  "fields": {
    "action_time": "2021-04-05T05:28:31.922Z",
    "user": 1,
    "content_type": 7,
    "object_id": "11",
    "object_repr": "Fish",
    "action_flag": 1,
    "change_message": "[{\"added\": {}}]"
  }
},
{
  "model": "admin.logentry",
  "pk": 106,
  "fields": {
    "action_time": "2021-04-05T05:28:35.318Z",
    "user": 1,
    "content_type": 7,
    "object_id": "12",
    "object_repr": "Bear",
    "action_flag": 1,
    "change_message": "[{\"added\": {}}]"
  }
},
{
  "model": "admin.logentry",
  "pk": 107,
  "fields": {
    "action_time": "2021-04-05T05:28:38.549Z",
    "user": 1,
    "content_type": 7,
    "object_id": "13",
    "object_repr": "Panda",
    "action_flag": 1,
    "change_message": "[{\"added\": {}}]"
  }
},
{
  "model": "admin.logentry",
  "pk": 108,
  "fields": {
    "action_time": "2021-04-05T05:28:42.495Z",
    "user": 1,
    "content_type": 7,
    "object_id": "14",
    "object_repr": "Human",
    "action_flag": 1,
    "change_message": "[{\"added\": {}}]"
  }
},
{
  "model": "admin.logentry",
  "pk": 109,
  "fields": {
    "action_time": "2021-04-05T05:28:48.169Z",
    "user": 1,
    "content_type": 7,
    "object_id": "15",
    "object_repr": "Fish",
    "action_flag": 1,
    "change_message": "[{\"added\": {}}]"
  }
},
{
  "model": "admin.logentry",
  "pk": 110,
  "fields": {
    "action_time": "2021-04-05T05:28:55.580Z",
    "user": 1,
    "content_type": 7,
    "object_id": "15",
    "object_repr": "Fish",
    "action_flag": 3,
    "change_message": ""
  }
},
{
  "model": "admin.logentry",
  "pk": 111,
  "fields": {
    "action_time": "2021-04-05T05:29:08.774Z",
    "user": 1,
    "content_type": 7,
    "object_id": "16",
    "object_repr": "Purple",
    "action_flag": 1,
    "change_message": "[{\"added\": {}}]"
  }
},
{
  "model": "admin.logentry",
  "pk": 112,
  "fields": {
    "action_time": "2021-04-05T05:29:13.348Z",
    "user": 1,
    "content_type": 7,
    "object_id": "17",
    "object_repr": "AC/DC",
    "action_flag": 1,
    "change_message": "[{\"added\": {}}]"
  }
},
{
  "model": "admin.logentry",
  "pk": 113,
  "fields": {
    "action_time": "2021-04-05T05:29:18.431Z",
    "user": 1,
    "content_type": 7,
    "object_id": "18",
    "object_repr": "Scorpions",
    "action_flag": 1,
    "change_message": "[{\"added\": {}}]"
  }
},
{
  "model": "admin.logentry",
  "pk": 114,
  "fields": {
    "action_time": "2021-04-05T05:29:23.571Z",
    "user": 1,
    "content_type": 7,
    "object_id": "19",
    "object_repr": "ABBA",
    "action_flag": 1,
    "change_message": "[{\"added\": {}}]"
  }
},
{
  "model": "admin.logentry",
  "pk": 115,
  "fields": {
    "action_time": "2021-04-05T05:29:27.400Z",
    "user": 1,
    "content_type": 7,
    "object_id": "20",
    "object_repr": "Beatles",
    "action_flag": 1,
    "change_message": "[{\"added\": {}}]"
  }
},
{
  "model": "admin.logentry",
  "pk": 116,
  "fields": {
    "action_time": "2021-04-05T05:29:34.728Z",
    "user": 1,
    "content_type": 7,
    "object_id": "21",
    "object_repr": "Judas Priest",
    "action_flag": 1,
    "change_message": "[{\"added\": {}}]"
  }
},
{
  "model": "admin.logentry",
  "pk": 117,
  "fields": {
    "action_time": "2021-04-05T05:29:40.899Z",
    "user": 1,
    "content_type": 7,
    "object_id": "22",
    "object_repr": "Metallica",
    "action_flag": 1,
    "change_message": "[{\"added\": {}}]"
  }
},
{
  "model": "admin.logentry",
  "pk": 118,
  "fields": {
    "action_time": "2021-04-05T05:29:45.899Z",
    "user": 1,
    "content_type": 7,
    "object_id": "23",
    "object_repr": "Linkin Park",
    "action_flag": 1,
    "change_message": "[{\"added\": {}}]"
  }
},
{
  "model": "admin.logentry",
  "pk": 119,
  "fields": {
    "action_time": "2021-04-05T05:29:50.082Z",
    "user": 1,
    "content_type": 7,
    "object_id": "24",
    "object_repr": "Eminem",
    "action_flag": 1,
    "change_message": "[{\"added\": {}}]"
  }
},
{
  "model": "admin.logentry",
  "pk": 120,
  "fields": {
    "action_time": "2021-04-05T05:29:57.743Z",
    "user": 1,
    "content_type": 7,
    "object_id": "25",
    "object_repr": "Nirvana",
    "action_flag": 1,
    "change_message": "[{\"added\": {}}]"
  }
},
{
  "model": "admin.logentry",
  "pk": 121,
  "fields": {
    "action_time": "2021-04-05T05:30:07.703Z",
    "user": 1,
    "content_type": 7,
    "object_id": "26",
    "object_repr": "Hotel",
    "action_flag": 1,
    "change_message": "[{\"added\": {}}]"
  }
},
{
  "model": "admin.logentry",
  "pk": 122,
  "fields": {
    "action_time": "2021-04-05T05:30:21.304Z",
    "user": 1,
    "content_type": 7,
    "object_id": "27",
    "object_repr": "Village",
    "action_flag": 1,
    "change_message": "[{\"added\": {}}]"
  }
},
{
  "model": "admin.logentry",
  "pk": 123,
  "fields": {
    "action_time": "2021-04-05T05:30:27.505Z",
    "user": 1,
    "content_type": 7,
    "object_id": "28",
    "object_repr": "New York",
    "action_flag": 1,
    "change_message": "[{\"added\": {}}]"
  }
},
{
  "model": "admin.logentry",
  "pk": 124,
  "fields": {
    "action_time": "2021-04-05T05:30:31.877Z",
    "user": 1,
    "content_type": 7,
    "object_id": "29",
    "object_repr": "California",
    "action_flag": 1,
    "change_message": "[{\"added\": {}}]"
  }
},
{
  "model": "admin.logentry",
  "pk": 125,
  "fields": {
    "action_time": "2021-04-05T06:55:27.952Z",
    "user": 1,
    "content_type": 7,
    "object_id": "30",
    "object_repr": "War",
    "action_flag": 1,
    "change_message": "[{\"added\": {}}]"
  }
},
{
  "model": "admin.logentry",
  "pk": 126,
  "fields": {
    "action_time": "2021-04-05T06:55:40.653Z",
    "user": 1,
    "content_type": 7,
    "object_id": "31",
    "object_repr": "Town",
    "action_flag": 1,
    "change_message": "[{\"added\": {}}]"
  }
},
{
  "model": "admin.logentry",
  "pk": 127,
  "fields": {
    "action_time": "2021-04-05T06:55:42.934Z",
    "user": 1,
    "content_type": 7,
    "object_id": "31",
    "object_repr": "Town",
    "action_flag": 2,
    "change_message": "[]"
  }
},
{
  "model": "admin.logentry",
  "pk": 128,
  "fields": {
    "action_time": "2021-04-05T06:55:57.072Z",
    "user": 1,
    "content_type": 7,
    "object_id": "32",
    "object_repr": "Velvet",
    "action_flag": 1,
    "change_message": "[{\"added\": {}}]"
  }
},
{
  "model": "admin.logentry",
  "pk": 129,
  "fields": {
    "action_time": "2021-04-05T09:26:01.268Z",
    "user": 1,
    "content_type": 8,
    "object_id": "3",
    "object_repr": "Redis",
    "action_flag": 2,
    "change_message": "[]"
  }
},
{
  "model": "admin.logentry",
  "pk": 130,
  "fields": {
    "action_time": "2021-04-06T06:18:41.142Z",
    "user": 1,
    "content_type": 8,
    "object_id": "3",
    "object_repr": "Redis",
    "action_flag": 2,
    "change_message": "[{\"changed\": {\"fields\": [\"FK\"]}}]"
  }
},
{
  "model": "admin.logentry",
  "pk": 131,
  "fields": {
    "action_time": "2021-04-06T08:42:06.510Z",
    "user": 1,
    "content_type": 8,
    "object_id": "3",
    "object_repr": "Redis",
    "action_flag": 2,
    "change_message": "[{\"changed\": {\"fields\": [\"FK\"]}}]"
  }
},
{
  "model": "admin.logentry",
  "pk": 132,
  "fields": {
    "action_time": "2021-04-06T08:42:12.369Z",
    "user": 1,
    "content_type": 8,
    "object_id": "3",
    "object_repr": "Redis",
    "action_flag": 2,
    "change_message": "[{\"changed\": {\"fields\": [\"FK\"]}}]"
  }
},
{
  "model": "auth.permission",
  "pk": 1,
  "fields": {
    "name": "Can add log entry",
    "content_type": 1,
    "codename": "add_logentry"
  }
},
{
  "model": "auth.permission",
  "pk": 2,
  "fields": {
    "name": "Can change log entry",
    "content_type": 1,
    "codename": "change_logentry"
  }
},
{
  "model": "auth.permission",
  "pk": 3,
  "fields": {
    "name": "Can delete log entry",
    "content_type": 1,
    "codename": "delete_logentry"
  }
},
{
  "model": "auth.permission",
  "pk": 4,
  "fields": {
    "name": "Can view log entry",
    "content_type": 1,
    "codename": "view_logentry"
  }
},
{
  "model": "auth.permission",
  "pk": 5,
  "fields": {
    "name": "Can add permission",
    "content_type": 2,
    "codename": "add_permission"
  }
},
{
  "model": "auth.permission",
  "pk": 6,
  "fields": {
    "name": "Can change permission",
    "content_type": 2,
    "codename": "change_permission"
  }
},
{
  "model": "auth.permission",
  "pk": 7,
  "fields": {
    "name": "Can delete permission",
    "content_type": 2,
    "codename": "delete_permission"
  }
},
{
  "model": "auth.permission",
  "pk": 8,
  "fields": {
    "name": "Can view permission",
    "content_type": 2,
    "codename": "view_permission"
  }
},
{
  "model": "auth.permission",
  "pk": 9,
  "fields": {
    "name": "Can add group",
    "content_type": 3,
    "codename": "add_group"
  }
},
{
  "model": "auth.permission",
  "pk": 10,
  "fields": {
    "name": "Can change group",
    "content_type": 3,
    "codename": "change_group"
  }
},
{
  "model": "auth.permission",
  "pk": 11,
  "fields": {
    "name": "Can delete group",
    "content_type": 3,
    "codename": "delete_group"
  }
},
{
  "model": "auth.permission",
  "pk": 12,
  "fields": {
    "name": "Can view group",
    "content_type": 3,
    "codename": "view_group"
  }
},
{
  "model": "auth.permission",
  "pk": 13,
  "fields": {
    "name": "Can add user",
    "content_type": 4,
    "codename": "add_user"
  }
},
{
  "model": "auth.permission",
  "pk": 14,
  "fields": {
    "name": "Can change user",
    "content_type": 4,
    "codename": "change_user"
  }
},
{
  "model": "auth.permission",
  "pk": 15,
  "fields": {
    "name": "Can delete user",
    "content_type": 4,
    "codename": "delete_user"
  }
},
{
  "model": "auth.permission",
  "pk": 16,
  "fields": {
    "name": "Can view user",
    "content_type": 4,
    "codename": "view_user"
  }
},
{
  "model": "auth.permission",
  "pk": 17,
  "fields": {
    "name": "Can add content type",
    "content_type": 5,
    "codename": "add_contenttype"
  }
},
{
  "model": "auth.permission",
  "pk": 18,
  "fields": {
    "name": "Can change content type",
    "content_type": 5,
    "codename": "change_contenttype"
  }
},
{
  "model": "auth.permission",
  "pk": 19,
  "fields": {
    "name": "Can delete content type",
    "content_type": 5,
    "codename": "delete_contenttype"
  }
},
{
  "model": "auth.permission",
  "pk": 20,
  "fields": {
    "name": "Can view content type",
    "content_type": 5,
    "codename": "view_contenttype"
  }
},
{
  "model": "auth.permission",
  "pk": 21,
  "fields": {
    "name": "Can add session",
    "content_type": 6,
    "codename": "add_session"
  }
},
{
  "model": "auth.permission",
  "pk": 22,
  "fields": {
    "name": "Can change session",
    "content_type": 6,
    "codename": "change_session"
  }
},
{
  "model": "auth.permission",
  "pk": 23,
  "fields": {
    "name": "Can delete session",
    "content_type": 6,
    "codename": "delete_session"
  }
},
{
  "model": "auth.permission",
  "pk": 24,
  "fields": {
    "name": "Can view session",
    "content_type": 6,
    "codename": "view_session"
  }
},
{
  "model": "auth.permission",
  "pk": 25,
  "fields": {
    "name": "Can add tag",
    "content_type": 7,
    "codename": "add_tag"
  }
},
{
  "model": "auth.permission",
  "pk": 26,
  "fields": {
    "name": "Can change tag",
    "content_type": 7,
    "codename": "change_tag"
  }
},
{
  "model": "auth.permission",
  "pk": 27,
  "fields": {
    "name": "Can delete tag",
    "content_type": 7,
    "codename": "delete_tag"
  }
},
{
  "model": "auth.permission",
  "pk": 28,
  "fields": {
    "name": "Can view tag",
    "content_type": 7,
    "codename": "view_tag"
  }
},
{
  "model": "auth.permission",
  "pk": 29,
  "fields": {
    "name": "Can add category",
    "content_type": 8,
    "codename": "add_category"
  }
},
{
  "model": "auth.permission",
  "pk": 30,
  "fields": {
    "name": "Can change category",
    "content_type": 8,
    "codename": "change_category"
  }
},
{
  "model": "auth.permission",
  "pk": 31,
  "fields": {
    "name": "Can delete category",
    "content_type": 8,
    "codename": "delete_category"
  }
},
{
  "model": "auth.permission",
  "pk": 32,
  "fields": {
    "name": "Can view category",
    "content_type": 8,
    "codename": "view_category"
  }
},
{
  "model": "auth.permission",
  "pk": 33,
  "fields": {
    "name": "Can add item",
    "content_type": 9,
    "codename": "add_item"
  }
},
{
  "model": "auth.permission",
  "pk": 34,
  "fields": {
    "name": "Can change item",
    "content_type": 9,
    "codename": "change_item"
  }
},
{
  "model": "auth.permission",
  "pk": 35,
  "fields": {
    "name": "Can delete item",
    "content_type": 9,
    "codename": "delete_item"
  }
},
{
  "model": "auth.permission",
  "pk": 36,
  "fields": {
    "name": "Can view item",
    "content_type": 9,
    "codename": "view_item"
  }
},
{
  "model": "auth.permission",
  "pk": 37,
  "fields": {
    "name": "Can add subcategory",
    "content_type": 10,
    "codename": "add_subcategory"
  }
},
{
  "model": "auth.permission",
  "pk": 38,
  "fields": {
    "name": "Can change subcategory",
    "content_type": 10,
    "codename": "change_subcategory"
  }
},
{
  "model": "auth.permission",
  "pk": 39,
  "fields": {
    "name": "Can delete subcategory",
    "content_type": 10,
    "codename": "delete_subcategory"
  }
},
{
  "model": "auth.permission",
  "pk": 40,
  "fields": {
    "name": "Can view subcategory",
    "content_type": 10,
    "codename": "view_subcategory"
  }
},
{
  "model": "auth.permission",
  "pk": 41,
  "fields": {
    "name": "Can add sigleton example",
    "content_type": 11,
    "codename": "add_sigletonexample"
  }
},
{
  "model": "auth.permission",
  "pk": 42,
  "fields": {
    "name": "Can change sigleton example",
    "content_type": 11,
    "codename": "change_sigletonexample"
  }
},
{
  "model": "auth.permission",
  "pk": 43,
  "fields": {
    "name": "Can delete sigleton example",
    "content_type": 11,
    "codename": "delete_sigletonexample"
  }
},
{
  "model": "auth.permission",
  "pk": 44,
  "fields": {
    "name": "Can view sigleton example",
    "content_type": 11,
    "codename": "view_sigletonexample"
  }
},
{
  "model": "auth.permission",
  "pk": 45,
  "fields": {
    "name": "Can add tree",
    "content_type": 10,
    "codename": "add_tree"
  }
},
{
  "model": "auth.permission",
  "pk": 46,
  "fields": {
    "name": "Can change tree",
    "content_type": 10,
    "codename": "change_tree"
  }
},
{
  "model": "auth.permission",
  "pk": 47,
  "fields": {
    "name": "Can delete tree",
    "content_type": 10,
    "codename": "delete_tree"
  }
},
{
  "model": "auth.permission",
  "pk": 48,
  "fields": {
    "name": "Can view tree",
    "content_type": 10,
    "codename": "view_tree"
  }
},
{
  "model": "auth.user",
  "pk": 1,
  "fields": {
    "password": "pbkdf2_sha256$216000$rDDuZzrfOX0V$9tQEmwO+g0dfpA2OLla2RyNnW7EJ5zEnN3XaUZOroxs=",
    "last_login": "2021-04-06T08:28:53.693Z",
    "is_superuser": true,
    "username": "admin",
    "first_name": "",
    "last_name": "",
    "email": "",
    "is_staff": true,
    "is_active": true,
    "date_joined": "2019-08-27T08:52:00Z",
    "groups": [],
    "user_permissions": []
  }
},
{
  "model": "auth.user",
  "pk": 2,
  "fields": {
    "password": "pbkdf2_sha256$150000$JeXtsrdrLT6w$k4MiSVC7I7PIX8SeI6169JneEq/BT2IapO/F+O4WChQ=",
    "last_login": "2020-03-25T06:39:00Z",
    "is_superuser": false,
    "username": "test",
    "first_name": "",
    "last_name": "",
    "email": "",
    "is_staff": false,
    "is_active": true,
    "date_joined": "2020-03-25T06:37:00Z",
    "groups": [],
    "user_permissions": [
      25,
      26,
      28
    ]
  }
},
{
  "model": "contenttypes.contenttype",
  "pk": 1,
  "fields": {
    "app_label": "admin",
    "model": "logentry"
  }
},
{
  "model": "contenttypes.contenttype",
  "pk": 2,
  "fields": {
    "app_label": "auth",
    "model": "permission"
  }
},
{
  "model": "contenttypes.contenttype",
  "pk": 3,
  "fields": {
    "app_label": "auth",
    "model": "group"
  }
},
{
  "model": "contenttypes.contenttype",
  "pk": 4,
  "fields": {
    "app_label": "auth",
    "model": "user"
  }
},
{
  "model": "contenttypes.contenttype",
  "pk": 5,
  "fields": {
    "app_label": "contenttypes",
    "model": "contenttype"
  }
},
{
  "model": "contenttypes.contenttype",
  "pk": 6,
  "fields": {
    "app_label": "sessions",
    "model": "session"
  }
},
{
  "model": "contenttypes.contenttype",
  "pk": 7,
  "fields": {
    "app_label": "app",
    "model": "tag"
  }
},
{
  "model": "contenttypes.contenttype",
  "pk": 8,
  "fields": {
    "app_label": "app",
    "model": "category"
  }
},
{
  "model": "contenttypes.contenttype",
  "pk": 9,
  "fields": {
    "app_label": "app",
    "model": "item"
  }
},
{
  "model": "contenttypes.contenttype",
  "pk": 10,
  "fields": {
    "app_label": "app",
    "model": "tree"
  }
},
{
  "model": "contenttypes.contenttype",
  "pk": 11,
  "fields": {
    "app_label": "app",
    "model": "sigletonexample"
  }
},
{
  "model": "sessions.session",
  "pk": "7dkh1odebnqvnftube3m2y8vadcpuhmx",
  "fields": {
    "session_data": ".eJxVjMEOwiAQRP-FsyGU2mXx6N1vaNhlkaqBpLQn47_bJj3oaZJ5b-atxrAueVybzOMU1UV16vTbUeCnlB3ERyj3qrmWZZ5I74o-aNO3GuV1Pdy_gxxa3tYMgJ11MpBzCOIDd9wbMoMJnhMCWsuCTLaHdIYE6LdAErQmQk-kPl_WRTe6:1kUPOx:-NQ9NW2wEi9Xv1kvpRs2c6DhRN6UkpYFePEF5hGdLm0",
    "expire_date": "2020-11-02T07:16:15.719Z"
  }
},
{
  "model": "sessions.session",
  "pk": "ix64ki18uzl522bp2wa8jom39oeupkqg",
  "fields": {
    "session_data": ".eJxVjMEOwiAQRP-FsyGU2mXx6N1vaNhlkaqBpLQn47_bJj3oaZJ5b-atxrAueVybzOMU1UV16vTbUeCnlB3ERyj3qrmWZZ5I74o-aNO3GuV1Pdy_gxxa3tYMgJ11MpBzCOIDd9wbMoMJnhMCWsuCTLaHdIYE6LdAErQmQk-kPl_WRTe6:1kITah:iSMCtSxfQbXX8Gh-kpuqutam5o7kDUjU5k9Cv3I0CXE",
    "expire_date": "2020-09-30T09:19:03.423Z"
  }
},
{
  "model": "sessions.session",
  "pk": "n353q8qi3vzmenry8fzeehoab6clqwuq",
  "fields": {
    "session_data": "YjNlODAzYTlmM2ZmYTU2YzY4YjAyOTdhNTVkYTUxNzM4NDUwZTEwNjp7Il9hdXRoX3VzZXJfaWQiOiIxIiwiX2F1dGhfdXNlcl9iYWNrZW5kIjoiZGphbmdvLmNvbnRyaWIuYXV0aC5iYWNrZW5kcy5Nb2RlbEJhY2tlbmQiLCJfYXV0aF91c2VyX2hhc2giOiI3NWQ0Y2NiZDZhM2I1MDYzNDRmMTcwNWY2MTRkYjgxZThmZWZkMDA0In0=",
    "expire_date": "2021-02-22T13:54:06.280Z"
  }
},
{
  "model": "sessions.session",
  "pk": "nyrc2k5nva8akdl6rpwzf0khrnf23zeh",
  "fields": {
    "session_data": ".eJxVjEEOwiAQRe_C2pAOw4C4dO8ZCDAgVUOT0q6MdzckXej2v_f-W_iwb9XvPa9-ZnERIE6_WwzpmdsA_Ajtvsi0tG2doxyKPGiXt4Xz63q4fwc19DpqRxwp2nNRSQcHE2YNUU0Zk2UukMkVtlTQQGJDyRCi1eQAWUVgKz5f8Lo31w:1lTh4v:SytNl_0dpTSiiqfA5rAfWIjaUELAzaY0v6gXbMqeaXI",
    "expire_date": "2021-04-20T08:28:53.829Z"
  }
},
{
  "model": "sessions.session",
  "pk": "oe75tg3hyusobwmnpaisaps5zxddkz8a",
  "fields": {
    "session_data": ".eJxVjEEOwiAQRe_C2pAOw4C4dO8ZCDAgVUOT0q6MdzckXej2v_f-W_iwb9XvPa9-ZnERIE6_WwzpmdsA_Ajtvsi0tG2doxyKPGiXt4Xz63q4fwc19DpqRxwp2nNRSQcHE2YNUU0Zk2UukMkVtlTQQGJDyRCi1eQAWUVgKz5f8Lo31w:1lEpK7:8sm3-WJ1BpQ6Obp1GhO5yTFj2j1BIRU8T8jrBm4bj2k",
    "expire_date": "2021-03-10T08:15:07.471Z"
  }
},
{
  "model": "sessions.session",
  "pk": "qd9j9w4am3qhstudlh2994f0aaa439fr",
  "fields": {
    "session_data": ".eJxVjEEOwiAQRe_C2pAOw4C4dO8ZCDAgVUOT0q6MdzckXej2v_f-W_iwb9XvPa9-ZnERIE6_WwzpmdsA_Ajtvsi0tG2doxyKPGiXt4Xz63q4fwc19DpqRxwp2nNRSQcHE2YNUU0Zk2UukMkVtlTQQGJDyRCi1eQAWUVgKz5f8Lo31w:1l9RBZ:XqPLRhLKQwVrubJlGWOgtfi8j2TrsNh8AWLciigTJzQ",
    "expire_date": "2021-02-23T11:28:01.225Z"
  }
},
{
  "model": "sessions.session",
  "pk": "tvq3m092a4qa15do1iwjsqqlktgyx85y",
  "fields": {
    "session_data": ".eJxVjMEOwiAQRP-FsyGU2mXx6N1vaNhlkaqBpLQn47_bJj3oaZJ5b-atxrAueVybzOMU1UV16vTbUeCnlB3ERyj3qrmWZZ5I74o-aNO3GuV1Pdy_gxxa3tYMgJ11MpBzCOIDd9wbMoMJnhMCWsuCTLaHdIYE6LdAErQmQk-kPl_WRTe6:1kICIb:8v4YpWf9kGTscPbzgpithjf22kwkSvFcbTvUab6789A",
    "expire_date": "2020-09-29T14:51:13.812Z"
  }
},
{
  "model": "sessions.session",
  "pk": "vl87ghwfergy14j5ulq707mrzwhnwdn0",
  "fields": {
    "session_data": ".eJxVjEEOwiAQRe_C2pAOw4C4dO8ZCDAgVUOT0q6MdzckXej2v_f-W_iwb9XvPa9-ZnERIE6_WwzpmdsA_Ajtvsi0tG2doxyKPGiXt4Xz63q4fwc19DpqRxwp2nNRSQcHE2YNUU0Zk2UukMkVtlTQQGJDyRCi1eQAWUVgKz5f8Lo31w:1lTHjD:X5IqPFsnh4MPm1WizDH3_2QCqpJQreJZurISG3fAHKg",
    "expire_date": "2021-04-19T05:24:47.037Z"
  }
},
{
  "model": "sessions.session",
  "pk": "z87alaytjkdy2eti75c2aq57xxv1lkvt",
  "fields": {
    "session_data": ".eJxVjMEOwiAQRP-FsyGU2mXx6N1vaNhlkaqBpLQn47_bJj3oaZJ5b-atxrAueVybzOMU1UV16vTbUeCnlB3ERyj3qrmWZZ5I74o-aNO3GuV1Pdy_gxxa3tYMgJ11MpBzCOIDd9wbMoMJnhMCWsuCTLaHdIYE6LdAErQmQk-kPl_WRTe6:1l96SB:cfremw5fxzEBDPAOhD2pBy5qlFMbJImMWJbWYh2rebc",
    "expire_date": "2021-02-22T13:19:47.125Z"
  }
},
{
  "model": "app.tag",
  "pk": 1,
  "fields": {
    "name": "Family"
  }
},
{
  "model": "app.tag",
  "pk": 3,
  "fields": {
    "name": "Food"
  }
},
{
  "model": "app.tag",
  "pk": 4,
  "fields": {
    "name": "Fun"
  }
},
{
  "model": "app.tag",
  "pk": 5,
  "fields": {
    "name": "Dance"
  }
},
{
  "model": "app.tag",
  "pk": 7,
  "fields": {
    "name": "Red"
  }
},
{
  "model": "app.tag",
  "pk": 8,
  "fields": {
    "name": "Blue"
  }
},
{
  "model": "app.tag",
  "pk": 9,
  "fields": {
    "name": "Green"
  }
},
{
  "model": "app.tag",
  "pk": 10,
  "fields": {
    "name": "Yellow"
  }
},
{
  "model": "app.tag",
  "pk": 11,
  "fields": {
    "name": "Fish"
  }
},
{
  "model": "app.tag",
  "pk": 12,
  "fields": {
    "name": "Bear"
  }
},
{
  "model": "app.tag",
  "pk": 13,
  "fields": {
    "name": "Panda"
  }
},
{
  "model": "app.tag",
  "pk": 14,
  "fields": {
    "name": "Human"
  }
},
{
  "model": "app.tag",
  "pk": 16,
  "fields": {
    "name": "Purple"
  }
},
{
  "model": "app.tag",
  "pk": 17,
  "fields": {
    "name": "AC/DC"
  }
},
{
  "model": "app.tag",
  "pk": 18,
  "fields": {
    "name": "Scorpions"
  }
},
{
  "model": "app.tag",
  "pk": 19,
  "fields": {
    "name": "ABBA"
  }
},
{
  "model": "app.tag",
  "pk": 20,
  "fields": {
    "name": "Beatles"
  }
},
{
  "model": "app.tag",
  "pk": 21,
  "fields": {
    "name": "Judas Priest"
  }
},
{
  "model": "app.tag",
  "pk": 22,
  "fields": {
    "name": "Metallica"
  }
},
{
  "model": "app.tag",
  "pk": 23,
  "fields": {
    "name": "Linkin Park"
  }
},
{
  "model": "app.tag",
  "pk": 24,
  "fields": {
    "name": "Eminem"
  }
},
{
  "model": "app.tag",
  "pk": 25,
  "fields": {
    "name": "Nirvana"
  }
},
{
  "model": "app.tag",
  "pk": 26,
  "fields": {
    "name": "Hotel"
  }
},
{
  "model": "app.tag",
  "pk": 27,
  "fields": {
    "name": "Village"
  }
},
{
  "model": "app.tag",
  "pk": 28,
  "fields": {
    "name": "New York"
  }
},
{
  "model": "app.tag",
  "pk": 29,
  "fields": {
    "name": "California"
  }
},
{
  "model": "app.tag",
  "pk": 30,
  "fields": {
    "name": "War"
  }
},
{
  "model": "app.tag",
  "pk": 31,
  "fields": {
    "name": "Town"
  }
},
{
  "model": "app.tag",
  "pk": 32,
  "fields": {
    "name": "Velvet"
  }
},
{
  "model": "app.category",
  "pk": 1,
  "fields": {
    "f_fk": 5,
    "f_o2o": null,
    "f_fk1": 4,
    "f_fk2": 1,
    "f_fk3": 4,
    "f_bool": true,
    "f_bool2": false,
    "f_nullbool": null,
    "f_small_int": 9,
    "f_int_choices": 1,
    "f_int_choices2": 1,
    "f_int": 0,
    "f_bigint": 0,
    "f_float": 0.0,
    "f_decimal": "0.00",
    "f_duration": null,
    "f_date": null,
    "f_date2": null,
    "f_time": null,
    "f_datetime": null,
    "f_hidden1": "",
    "f_hidden2": "",
    "f_hidden3": "",
    "f_char": "Gold",
    "f_slug": "gold-0",
    "f_email": "",
    "f_pass": "",
    "f_ip": null,
    "f_text": "",
    "f_url": "",
    "f_uuid": null,
    "f_filepath": "",
    "f_file": "",
    "f_image": "",
    "f_char_ro": "",
    "f_int_ro": 0,
    "f_text_ro": "",
    "dal_fk": 9,
    "order": 2,
    "f_tags": [
      3
    ],
    "f_tags1": [],
    "f_tags2": [
      1,
      3
    ],
    "f_tags3": [
      3,
      4
    ],
    "f_tags4": [
      5,
      3
    ],
    "f_tags5": [
      3
    ],
    "dal_m2m": [
      3,
      9
    ]
  }
},
{
  "model": "app.category",
  "pk": 2,
  "fields": {
    "f_fk": 1,
    "f_o2o": null,
    "f_fk1": null,
    "f_fk2": null,
    "f_fk3": null,
    "f_bool": false,
    "f_bool2": false,
    "f_nullbool": null,
    "f_small_int": 0,
    "f_int_choices": 1,
    "f_int_choices2": 1,
    "f_int": 0,
    "f_bigint": 0,
    "f_float": 0.0,
    "f_decimal": "0.00",
    "f_duration": null,
    "f_date": null,
    "f_date2": null,
    "f_time": null,
    "f_datetime": null,
    "f_hidden1": "",
    "f_hidden2": "",
    "f_hidden3": "",
    "f_char": "Milk",
    "f_slug": "milk-0",
    "f_email": "",
    "f_pass": "",
    "f_ip": null,
    "f_text": "",
    "f_url": "",
    "f_uuid": null,
    "f_filepath": "",
    "f_file": "",
    "f_image": "",
    "f_char_ro": "",
    "f_int_ro": 0,
    "f_text_ro": "",
    "dal_fk": null,
    "order": 3,
    "f_tags": [
      3
    ],
    "f_tags1": [],
    "f_tags2": [
      4
    ],
    "f_tags3": [
      3,
      4
    ],
    "f_tags4": [
      3
    ],
    "f_tags5": [
      5,
      4
    ],
    "dal_m2m": []
  }
},
{
  "model": "app.category",
  "pk": 3,
  "fields": {
    "f_fk": 3,
    "f_o2o": 1,
    "f_fk1": 9,
    "f_fk2": 5,
    "f_fk3": 3,
    "f_bool": true,
    "f_bool2": true,
    "f_nullbool": null,
    "f_small_int": 1237,
    "f_int_choices": 3,
    "f_int_choices2": 4,
    "f_int": 3898,
    "f_bigint": 124564564,
    "f_float": 14.5,
    "f_decimal": "5.50",
    "f_duration": "00:03:20",
    "f_date": "2020-09-15",
    "f_date2": "2022-03-18",
    "f_time": "10:10:00",
    "f_datetime": "2020-09-09T15:30:00Z",
    "f_hidden1": "",
    "f_hidden2": "",
    "f_hidden3": "",
    "f_char": "Redis",
    "f_slug": "redis-0",
    "f_email": "mail@box.com",
    "f_pass": "",
    "f_ip": "127.0.0.1",
    "f_text": "At vero eos et accusam et justo duo dolores et ea rebum. Stet clita kasd gubergren, no sea takimata sanctus est Lorem ipsum dolor sit amet. Lorem ipsum dolor sit amet, consetetur sadipscing elitr, sed diam nonumy eirmod tempor invidunt ut labore et dolore magna aliquyam erat, sed diam voluptua. At vero eos et accusam et justo duo dolores et ea rebum. Stet clita kasd gubergren, no sea takimata sanctus est Lorem ipsum dolor sit amet. Lorem ipsum dolor sit amet, consetetur sadipscing elitr",
    "f_url": "https://www.uuidgenerator.net/",
    "f_uuid": "bbe94b62-9e84-4667-829c-80d5cc6fcfba",
    "f_filepath": "/home/jon/Python/www/paper-admin/tests/app/admin.py",
    "f_file": "category/submit_VTI1oAi.py",
    "f_image": "category/700x487.jpg",
    "f_char_ro": "",
    "f_int_ro": 0,
    "f_text_ro": "",
    "dal_fk": 31,
    "order": 1,
    "f_tags": [
      8,
      1,
      7
    ],
    "f_tags1": [
      5,
      9,
      7
    ],
    "f_tags2": [
      5
    ],
    "f_tags3": [
      1,
      3
    ],
    "f_tags4": [
      1,
      4,
      7
    ],
    "f_tags5": [
      5,
      4
    ],
    "dal_m2m": [
      5,
      4
    ]
  }
},
{
  "model": "app.category",
  "pk": 4,
  "fields": {
    "f_fk": 5,
    "f_o2o": null,
    "f_fk1": null,
    "f_fk2": null,
    "f_fk3": null,
    "f_bool": true,
    "f_bool2": false,
    "f_nullbool": null,
    "f_small_int": 0,
    "f_int_choices": 1,
    "f_int_choices2": 1,
    "f_int": 0,
    "f_bigint": 0,
    "f_float": 0.0,
    "f_decimal": "0.00",
    "f_duration": null,
    "f_date": null,
    "f_date2": null,
    "f_time": null,
    "f_datetime": null,
    "f_hidden1": "",
    "f_hidden2": "",
    "f_hidden3": "",
    "f_char": "Valve",
    "f_slug": "valve-0",
    "f_email": "",
    "f_pass": "",
    "f_ip": null,
    "f_text": "",
    "f_url": "",
    "f_uuid": null,
    "f_filepath": "",
    "f_file": "",
    "f_image": "",
    "f_char_ro": "",
    "f_int_ro": 0,
    "f_text_ro": "",
    "dal_fk": null,
    "order": 4,
    "f_tags": [
      1
    ],
    "f_tags1": [],
    "f_tags2": [
      9
    ],
    "f_tags3": [
      1
    ],
    "f_tags4": [
      7
    ],
    "f_tags5": [
      4
    ],
    "dal_m2m": []
  }
},
{
  "model": "app.item",
  "pk": 1,
  "fields": {
    "category": 1,
    "hidden": 1,
    "readonly": "Do not edit me",
    "name": "Billy",
    "slug": "billy",
    "url": "",
    "text": "",
    "order": 0
  }
},
{
  "model": "app.item",
  "pk": 2,
  "fields": {
    "category": 1,
    "hidden": 1,
    "readonly": "Do not edit me",
    "name": "Jonny",
    "slug": "jonny",
    "url": "",
    "text": "",
    "order": 1
  }
},
{
  "model": "app.item",
  "pk": 3,
  "fields": {
    "category": 2,
    "hidden": 1,
    "readonly": "Do not edit me",
    "name": "one",
    "slug": "one",
    "url": "",
    "text": "",
    "order": 0
  }
},
{
  "model": "app.item",
  "pk": 4,
  "fields": {
    "category": 3,
    "hidden": 1,
    "readonly": "Do not edit me",
    "name": "Sunny",
    "slug": "sunny",
    "url": "",
    "text": "",
    "order": 1
  }
},
{
  "model": "app.item",
  "pk": 5,
  "fields": {
    "category": 4,
    "hidden": 1,
    "readonly": "Do not edit me",
    "name": "One",
    "slug": "one",
    "url": "",
    "text": "",
    "order": 0
  }
},
{
  "model": "app.item",
  "pk": 9,
  "fields": {
    "category": 3,
    "hidden": 1,
    "readonly": "Do not edit me",
    "name": "Funny",
    "slug": "funny",
    "url": "",
    "text": "",
    "order": 0
  }
},
{
  "model": "app.item",
  "pk": 10,
  "fields": {
    "category": 3,
    "hidden": 1,
    "readonly": "Do not edit me",
    "name": "Banny",
    "slug": "banny",
    "url": "",
    "text": "",
    "order": 2
  }
},
{
  "model": "app.tree",
  "pk": 1,
  "fields": {
    "category": 1,
    "parent": null,
    "name": "Adam",
    "number": 7,
    "order": 2,
    "lft": 1,
    "rght": 2,
    "tree_id": 2,
    "level": 0
  }
},
{
  "model": "app.tree",
  "pk": 2,
  "fields": {
    "category": 1,
    "parent": null,
    "name": "Eve",
    "number": 2,
    "order": 1,
    "lft": 1,
    "rght": 8,
    "tree_id": 1,
    "level": 0
  }
},
{
  "model": "app.tree",
  "pk": 3,
  "fields": {
    "category": 1,
    "parent": 2,
    "name": "Isaak",
    "number": 2,
    "order": 3,
    "lft": 2,
    "rght": 5,
    "tree_id": 1,
    "level": 1
  }
},
{
  "model": "app.tree",
  "pk": 4,
  "fields": {
    "category": 1,
    "parent": 3,
    "name": "Yakov",
    "number": 3,
    "order": 4,
    "lft": 3,
    "rght": 4,
    "tree_id": 1,
    "level": 2
  }
},
{
  "model": "app.tree",
  "pk": 5,
  "fields": {
    "category": 1,
    "parent": 2,
    "name": "Ilia",
    "number": 54,
    "order": 5,
    "lft": 6,
    "rght": 7,
    "tree_id": 1,
    "level": 1
  }
},
{
  "model": "app.sigletonexample",
  "pk": 1,
  "fields": {
    "title": "Test"
  }
}
]
